Order ID,Order Status,Warehouse Code,Order Place Date,Required Ship Date,Ship Method,Ship Method Code,Ship To Name,Ship To Address Line 1,Ship To Address Line 2,Ship To Address Line 3,Ship To City,Ship To State,Ship To ZIP Code,Ship To Country,Phone Number,Is it Gift?,Item Cost,SKU,ASIN,Item Title,Item Quantity,Gift Message,Tracking ID,Shipped Date
UcDYcvWnt,SHIPPED,EIHR,"29 Feb, 2024 1:16:48 AM IST","29 Feb, 2024 2:00:00 PM IST",ATS_STANDARD,ATS_STANDARD,xyz1,hill station 1,town 1,,city 1,state 1,482001,IN,9999999999,No,₹100.00 ,SKU0001,B0ZFGJJF8T1,Product 1,1,,3.39965E+11,"29 Feb, 2024 12:01:57 PM IST"
UVyp03Wjt,SHIPPED,EIHR,"29 Feb, 2024 9:08:50 AM IST","29 Feb, 2024 2:00:00 PM IST",ATS_STANDARD,ATS_STANDARD,xyz2,hill station 2,town 2,,city 2,state 2,560039,IN,9999999999,No,₹100.00 ,SKU0001,B0ZFGJJF8T2,Product 2,1,,3.40003E+11,"2 Mar, 2024 11:17:51 AM IST"
UNRyWHWst,SHIPPED,EIHR,"29 Feb, 2024 10:09:52 AM IST","29 Feb, 2024 2:00:00 PM IST",IPS_ATS_EXP,IPS_ATS_EXP,xyz3,hill station 3,town 3,,city 3,state 3,500004,IN,9999999999,No,₹100.00 ,SKU0001,B0ZFGJJF8T3,Product 3,1,,AW532306467IN,"29 Feb, 2024 12:01:57 PM IST"
UJKsSbWCt,SHIPPED,EIHR,"29 Feb, 2024 11:14:23 AM IST","29 Feb, 2024 2:00:00 PM IST",ATS_STANDARD,ATS_STANDARD,xyz4,hill station 4,town 4,,city 4,state 4,825410,IN,9999999999,No,₹100.00 ,SKU0001,B0ZFGJJF8T4,Product 4,1,,3.39965E+11,"29 Feb, 2024 12:01:57 PM IST"
U1SxWFWkt,SHIPPED,EIHR,"29 Feb, 2024 11:23:48 AM IST","29 Feb, 2024 2:00:00 PM IST",ATS_STANDARD,ATS_STANDARD,xyz5,hill station 5,town 5,,city 5,state 5,173205,IN,9999999999,No,₹100.00 ,SKU0001,B0ZFGJJF8T5,Product 5,1,,3.39965E+11,"29 Feb, 2024 12:01:57 PM IST"
UVnc0VWgt,SHIPPED,EIHR,"29 Feb, 2024 11:20:09 AM IST","29 Feb, 2024 2:00:00 PM IST",ATS_STANDARD,ATS_STANDARD,xyz6,hill station 6,town 6,,city 6,state 6,110041,IN,9999999999,No,₹100.00 ,SKU0001,B0ZFGJJF8T6,Product 6,1,,3.39965E+11,"29 Feb, 2024 12:01:57 PM IST"
UJTxpMWbt,SHIPPED,EIHR,"29 Feb, 2024 11:36:03 AM IST","29 Feb, 2024 2:00:00 PM IST",ATS_STANDARD,ATS_STANDARD,xyz7,hill station 7,town 7,,city 7,state 7,110041,IN,9999999999,No,₹100.00 ,SKU0001,B0ZFGJJF8T7,Product 7,1,,3.39965E+11,"29 Feb, 2024 12:01:57 PM IST"
UJ7jl7WJt,SHIPPED,EIHR,"29 Feb, 2024 11:41:45 AM IST","29 Feb, 2024 2:00:00 PM IST",ATS_STANDARD,ATS_STANDARD,xyz8,hill station 8,town 8,,city 8,state 8,110041,IN,9999999999,No,₹100.00 ,SKU0001,B0ZFGJJF8T8,Product 8,1,,3.39965E+11,"29 Feb, 2024 12:01:57 PM IST"
U6vqWmWDt,SHIPPED,EIHR,"29 Feb, 2024 11:49:20 AM IST","29 Feb, 2024 2:00:00 PM IST",ATS_STANDARD,ATS_STANDARD,xyz9,hill station 9,town 9,,city 9,state 9,110041,IN,9999999999,No,₹100.00 ,SKU0001,B0ZFGJJF8T9,Product 9,1,,3.39965E+11,"29 Feb, 2024 12:01:57 PM IST"
UNGT0HWQt,SHIPPED,EIHR,"29 Feb, 2024 11:51:20 AM IST","29 Feb, 2024 2:00:00 PM IST",ATS_STANDARD,ATS_STANDARD,xyz10,hill station 10,town 10,,city 10,state 10,110041,IN,9999999999,No,₹100.00 ,SKU0001,B0ZFGJJF8T10,Product 10,1,,3.39965E+11,"29 Feb, 2024 12:01:57 PM IST"
UVSxlFWWt,SHIPPED,EIHR,"29 Feb, 2024 12:01:44 PM IST","1 Mar, 2024 2:00:00 PM IST",ATS_STANDARD,ATS_STANDARD,xyz11,hill station 11,town 11,,city 11,state 11,110041,IN,9999999999,No,₹100.00 ,SKU0001,B0ZFGJJF8T11,Product 11,1,,3.39982E+11,"1 Mar, 2024 11:16:27 AM IST"
UgRLXfWKt,SHIPPED,EIHR,"29 Feb, 2024 12:08:46 PM IST","1 Mar, 2024 2:00:00 PM IST",ATS_STANDARD,ATS_STANDARD,xyz12,hill station 12,town 12,,city 12,state 12,110041,IN,9999999999,No,₹100.00 ,SKU0001,B0ZFGJJF8T12,Product 12,1,,3.39982E+11,"1 Mar, 2024 11:16:27 AM IST"
UwcHf7W3t,SHIPPED,EIHR,"29 Feb, 2024 3:08:46 PM IST","1 Mar, 2024 2:00:00 PM IST",ATS_STANDARD,ATS_STANDARD,xyz13,hill station 13,town 13,,city 13,state 13,560076,IN,9999999999,No,₹100.00 ,SKU0001,B0ZFGJJF8T13,Product 13,1,,3.39982E+11,"1 Mar, 2024 11:16:27 AM IST"
Uw0YNzwdt,SHIPPED,EIHR,"29 Feb, 2024 3:30:20 PM IST","1 Mar, 2024 2:00:00 PM IST",ATS_STANDARD,ATS_STANDARD,xyz14,hill station 14,town 14,,city 14,state 14,244713,IN,9999999999,No,₹100.00 ,SKU0001,B0ZFGJJF8T14,Product 14,1,,3.39982E+11,"1 Mar, 2024 11:16:27 AM IST"
Ugw8YkwMt,SHIPPED,EIHR,"29 Feb, 2024 6:01:30 PM IST","1 Mar, 2024 2:00:00 PM IST",ATS_STANDARD,ATS_STANDARD,xyz15,hill station 15,town 15,,city 15,state 15,441108,IN,9999999999,No,₹100.00 ,SKU0001,B0ZFGJJF8T15,Product 15,1,,3.39982E+11,"1 Mar, 2024 11:16:27 AM IST"
UJ0jJJwXt,SHIPPED,EIHR,"29 Feb, 2024 9:11:55 PM IST","1 Mar, 2024 2:00:00 PM IST",ATS_STANDARD,ATS_STANDARD,xyz16,hill station 16,town 16,,city 16,state 16,560099,IN,9999999999,No,₹100.00 ,SKU0001,B0ZFGJJF8T16,Product 16,1,,3.39982E+11,"1 Mar, 2024 11:16:27 AM IST"
Uww6DYZvt,SHIPPED,EIHR,"1 Mar, 2024 8:41:50 AM IST","1 Mar, 2024 2:00:00 PM IST",ATS_AIR,ATS_AIR,xyz17,hill station 17,town 17,,city 17,state 17,700039,IN,9999999999,No,₹100.00 ,SKU0001,B0ZFGJJF8T17,Product 17,1,,2.05926E+11,"1 Mar, 2024 11:16:27 AM IST"
UwF3QKZmt,SHIPPED,EIHR,"1 Mar, 2024 10:34:38 AM IST","1 Mar, 2024 2:00:00 PM IST",ATS_STANDARD,ATS_STANDARD,xyz18,hill station 18,town 18,,city 18,state 18,560070,IN,9999999999,No,₹100.00 ,SKU0001,B0ZFGJJF8T18,Product 18,1,,3.39982E+11,"1 Mar, 2024 11:16:27 AM IST"
Unw6L6ZCt,SHIPPED,EIHR,"1 Mar, 2024 10:38:10 AM IST","1 Mar, 2024 2:00:00 PM IST",ATS_STANDARD,ATS_STANDARD,xyz19,hill station 19,town 19,,city 19,state 19,221008,IN,9999999999,No,₹100.00 ,SKU0001,B0ZFGJJF8T19,Product 19,1,,3.39982E+11,"1 Mar, 2024 11:16:27 AM IST"
U6vKrqZ3t,SHIPPED,EIHR,"1 Mar, 2024 11:27:17 AM IST","1 Mar, 2024 2:00:00 PM IST",ATS_STANDARD,ATS_STANDARD,xyz20,hill station 20,town 20,,city 20,state 20,500075,IN,9999999999,No,₹100.00 ,SKU0001,B0ZFGJJF8T20,Product 20,1,,3.39982E+11,"1 Mar, 2024 11:16:27 AM IST"
U6hKsRZ4t,SHIPPED,EIHR,"1 Mar, 2024 11:32:19 AM IST","1 Mar, 2024 2:00:00 PM IST",ATS_STANDARD,ATS_STANDARD,xyz21,hill station 21,town 21,,city 21,state 21,532127,IN,9999999999,No,₹100.00 ,SKU0001,B0ZFGJJF8T21,Product 21,1,,3.39982E+11,"1 Mar, 2024 11:16:27 AM IST"
U1fh1RZJt,SHIPPED,EIHR,"1 Mar, 2024 11:42:07 AM IST","1 Mar, 2024 2:00:00 PM IST",ATS_STANDARD,ATS_STANDARD,xyz22,hill station 22,town 22,,city 22,state 22,791102,IN,9999999999,No,₹100.00 ,SKU0001,B0ZFGJJF8T22,Product 22,1,,3.39983E+11,"1 Mar, 2024 11:16:27 AM IST"
UCztsNZVt,SHIPPED,EIHR,"1 Mar, 2024 11:42:17 AM IST","2 Mar, 2024 2:00:00 PM IST",ATS_STANDARD,ATS_STANDARD,xyz23,hill station 23,town 23,,city 23,state 23,175101,IN,9999999999,No,₹100.00 ,SKU0001,B0ZFGJJF8T23,Product 23,1,,3.40003E+11,"2 Mar, 2024 11:17:51 AM IST"
UVrJCHZlt,SHIPPED,EIHR,"1 Mar, 2024 4:05:23 PM IST","2 Mar, 2024 2:00:00 PM IST",ATS_STANDARD,ATS_STANDARD,xyz24,hill station 24,town 24,,city 24,state 24,505327,IN,9999999999,No,₹100.00 ,SKU0001,B0ZFGJJF8T24,Product 24,1,,3.40003E+11,"2 Mar, 2024 11:17:51 AM IST"
U6JNhJZbt,SHIPPED,EIHR,"1 Mar, 2024 7:24:21 PM IST","2 Mar, 2024 2:00:00 PM IST",ATS_STANDARD,ATS_STANDARD,xyz25,hill station 25,town 25,,city 25,state 25,131001,IN,9999999999,No,₹100.00 ,SKU0001,B0ZFGJJF8T25,Product 25,1,,3.40003E+11,"2 Mar, 2024 11:17:51 AM IST"
U3jQRMbBt,SHIPPED,EIHR,"1 Mar, 2024 8:06:10 PM IST","2 Mar, 2024 2:00:00 PM IST",ATS_STANDARD,ATS_STANDARD,xyz26,hill station 26,town 26,,city 26,state 26,474005,IN,9999999999,No,₹100.00 ,SKU0001,B0ZFGJJF8T26,Product 26,1,,3.40003E+11,"2 Mar, 2024 11:17:51 AM IST"
U3crftZLt,SHIPPED,EIHR,"1 Mar, 2024 3:00:08 PM IST","2 Mar, 2024 2:00:00 PM IST",ATS_STANDARD,ATS_STANDARD,xyz27,hill station 27,town 27,,city 27,state 27,737101,IN,9999999999,No,₹100.00 ,SKU0001,B0ZFGJJF8T27,Product 27,1,,3.40003E+11,"2 Mar, 2024 11:17:51 AM IST"
UVKNhMZjt,SHIPPED,EIHR,"1 Mar, 2024 9:00:45 PM IST","2 Mar, 2024 2:00:00 PM IST",ATS_STANDARD,ATS_STANDARD,xyz28,hill station 28,town 28,,city 28,state 28,560035,IN,9999999999,No,₹100.00 ,SKU0001,B0ZFGJJF8T28,Product 28,1,,3.40003E+11,"2 Mar, 2024 11:17:51 AM IST"
UGD8Htb7t,SHIPPED,EIHR,"1 Mar, 2024 9:20:34 PM IST","2 Mar, 2024 2:00:00 PM IST",ATS_STANDARD,ATS_STANDARD,xyz29,hill station 29,town 29,,city 29,state 29,211002,IN,9999999999,No,₹100.00 ,SKU0001,B0ZFGJJF8T29,Product 29,1,,3.40003E+11,"2 Mar, 2024 11:17:51 AM IST"
UG65Bhbbt,SHIPPED,EIHR,"1 Mar, 2024 10:09:31 PM IST","2 Mar, 2024 2:00:00 PM IST",ATS_STANDARD,ATS_STANDARD,xyz30,hill station 30,town 30,,city 30,state 30,335512,IN,9999999999,No,₹100.00 ,SKU0001,B0ZFGJJF8T30,Product 30,1,,3.40003E+11,"2 Mar, 2024 11:17:51 AM IST"
UXHVwdb9t,SHIPPED,EIHR,"1 Mar, 2024 10:14:28 PM IST","2 Mar, 2024 2:00:00 PM IST",ATS_STANDARD,ATS_STANDARD,xyz31,hill station 31,town 31,,city 31,state 31,695003,IN,9999999999,No,₹100.00 ,SKU0001,B0ZFGJJF8T31,Product 31,1,,3.40003E+11,"2 Mar, 2024 11:17:51 AM IST"
UXHVwdb9t,SHIPPED,EIHR,"1 Mar, 2024 10:14:28 PM IST","2 Mar, 2024 2:00:00 PM IST",ATS_STANDARD,ATS_STANDARD,xyz32,hill station 32,town 32,,city 32,state 32,695003,IN,9999999999,No,₹100.00 ,SKU0001,B0ZFGJJF8T32,Product 32,1,,3.40003E+11,"2 Mar, 2024 11:17:51 AM IST"
UJBSvpbht,SHIPPED,EIHR,"1 Mar, 2024 11:17:06 PM IST","4 Mar, 2024 2:00:00 PM IST",ATS_STANDARD,ATS_STANDARD,xyz33,hill station 33,town 33,,city 33,state 33,110007,IN,9999999999,No,₹100.00 ,SKU0001,B0ZFGJJF8T33,Product 33,3,,3.4004E+11,"4 Mar, 2024 12:10:55 PM IST"
UXWYstbjt,SHIPPED,EIHR,"2 Mar, 2024 12:31:09 AM IST","2 Mar, 2024 2:00:00 PM IST",ATS_STANDARD,ATS_STANDARD,xyz34,hill station 34,town 34,,city 34,state 34,201003,IN,9999999999,No,₹100.00 ,SKU0001,B0ZFGJJF8T34,Product 34,1,,3.40003E+11,"2 Mar, 2024 11:17:51 AM IST"
U1M1Pyb2t,SHIPPED,EIHR,"2 Mar, 2024 4:30:16 AM IST","2 Mar, 2024 2:00:00 PM IST",ATS_STANDARD,ATS_STANDARD,xyz35,hill station 35,town 35,,city 35,state 35,248143,IN,9999999999,No,₹100.00 ,SKU0001,B0ZFGJJF8T35,Product 35,2,,3.40003E+11,"2 Mar, 2024 11:17:51 AM IST"
UgSHnPbYt,SHIPPED,EIHR,"2 Mar, 2024 4:55:51 AM IST","2 Mar, 2024 2:00:00 PM IST",ATS_STANDARD,ATS_STANDARD,xyz36,hill station 36,town 36,,city 36,state 36,800020,IN,9999999999,No,₹100.00 ,SKU0001,B0ZFGJJF8T36,Product 36,1,,3.40002E+11,"2 Mar, 2024 11:17:51 AM IST"
Ugl6Tmb4t,SHIPPED,EIHR,"26 Feb, 2024 11:25:53 PM IST","2 Mar, 2024 2:00:00 PM IST",ATS_STANDARD,ATS_STANDARD,xyz37,hill station 37,town 37,,city 37,state 37,560073,IN,9999999999,No,₹100.00 ,SKU0001,B0ZFGJJF8T37,Product 37,1,,3.40002E+11,"2 Mar, 2024 11:17:51 AM IST"
U6G46qbst,SHIPPED,EIHR,"2 Mar, 2024 7:04:21 AM IST","2 Mar, 2024 2:00:00 PM IST",ATS_STANDARD,ATS_STANDARD,xyz38,hill station 38,town 38,,city 38,state 38,136027,IN,9999999999,No,₹100.00 ,SKU0001,B0ZFGJJF8T38,Product 38,1,,3.40003E+11,"2 Mar, 2024 11:17:51 AM IST"
UGn5Scbgt,SHIPPED,EIHR,"2 Mar, 2024 8:17:39 AM IST","2 Mar, 2024 2:00:00 PM IST",ATS_STANDARD,ATS_STANDARD,xyz39,hill station 39,town 39,,city 39,state 39,110077,IN,9999999999,No,₹100.00 ,SKU0001,B0ZFGJJF8T39,Product 39,1,,3.40003E+11,"2 Mar, 2024 11:17:51 AM IST"
UVthllbjt,SHIPPED,EIHR,"2 Mar, 2024 9:29:08 AM IST","2 Mar, 2024 2:00:00 PM IST",ATS_AFTERNOON,ATS_AFTERNOON,xyz40,hill station 40,town 40,,city 40,state 40,226013,IN,9999999999,No,₹100.00 ,SKU0001,B0ZFGJJF8T40,Product 40,1,,1.59763E+11,"2 Mar, 2024 11:17:51 AM IST"
U6zzmQbBt,SHIPPED,EIHR,"2 Mar, 2024 10:31:41 AM IST","2 Mar, 2024 2:00:00 PM IST",ATS_STANDARD,ATS_STANDARD,xyz41,hill station 41,town 41,,city 41,state 41,600053,IN,9999999999,No,₹100.00 ,SKU0001,B0ZFGJJF8T41,Product 41,1,,3.40003E+11,"2 Mar, 2024 11:17:51 AM IST"
U1MpXQbct,SHIPPED,EIHR,"2 Mar, 2024 12:01:36 PM IST","4 Mar, 2024 2:00:00 PM IST",ATS_STANDARD,ATS_STANDARD,xyz42,hill station 42,town 42,,city 42,state 42,151203,IN,9999999999,No,₹100.00 ,SKU0001,B0ZFGJJF8T42,Product 42,1,,3.4004E+11,"4 Mar, 2024 12:10:55 PM IST"
UJQbp2bWt,SHIPPED,EIHR,"2 Mar, 2024 12:12:56 PM IST","4 Mar, 2024 2:00:00 PM IST",ATS_STANDARD,ATS_STANDARD,xyz43,hill station 43,town 43,,city 43,state 43,122001,IN,9999999999,No,₹100.00 ,SKU0001,B0ZFGJJF8T43,Product 43,1,,3.4004E+11,"4 Mar, 2024 12:10:55 PM IST"
U1KbXybbt,SHIPPED,EIHR,"2 Mar, 2024 12:14:23 PM IST","4 Mar, 2024 2:00:00 PM IST",ATS_STANDARD,ATS_STANDARD,xyz44,hill station 44,town 44,,city 44,state 44,700092,IN,9999999999,No,₹100.00 ,SKU0001,B0ZFGJJF8T44,Product 44,1,,3.4004E+11,"4 Mar, 2024 12:10:55 PM IST"
U3dfZ8b4t,SHIPPED,EIHR,"2 Mar, 2024 12:31:37 PM IST","4 Mar, 2024 2:00:00 PM IST",ATS_STANDARD,ATS_STANDARD,xyz45,hill station 45,town 45,,city 45,state 45,201310,IN,9999999999,No,₹100.00 ,SKU0001,B0ZFGJJF8T45,Product 45,1,,3.4004E+11,"4 Mar, 2024 12:10:55 PM IST"
UN5pqDb3t,SHIPPED,EIHR,"2 Mar, 2024 12:50:04 PM IST","4 Mar, 2024 2:00:00 PM IST",ATS_STANDARD,ATS_STANDARD,xyz46,hill station 46,town 46,,city 46,state 46,842001,IN,9999999999,No,₹100.00 ,SKU0001,B0ZFGJJF8T46,Product 46,2,,3.4004E+11,"4 Mar, 2024 12:10:55 PM IST"
U1BSpNb2t,SHIPPED,EIHR,"2 Mar, 2024 12:55:56 PM IST","4 Mar, 2024 2:00:00 PM IST",ATS_STANDARD,ATS_STANDARD,xyz47,hill station 47,town 47,,city 47,state 47,721607,IN,9999999999,No,₹100.00 ,SKU0001,B0ZFGJJF8T47,Product 47,1,,3.4004E+11,"4 Mar, 2024 12:10:55 PM IST"
U3rL5Rbmt,SHIPPED,EIHR,"2 Mar, 2024 1:06:54 PM IST","4 Mar, 2024 2:00:00 PM IST",ATS_STANDARD,ATS_STANDARD,xyz48,hill station 48,town 48,,city 48,state 48,382345,IN,9999999999,No,₹100.00 ,SKU0001,B0ZFGJJF8T48,Product 48,1,,3.4004E+11,"4 Mar, 2024 12:10:55 PM IST"
UnKQqtbVt,SHIPPED,EIHR,"2 Mar, 2024 1:40:00 PM IST","4 Mar, 2024 2:00:00 PM IST",ATS_STANDARD,ATS_STANDARD,xyz49,hill station 49,town 49,,city 49,state 49,627807,IN,9999999999,No,₹100.00 ,SKU0001,B0ZFGJJF8T49,Product 49,1,,3.4004E+11,"4 Mar, 2024 12:10:55 PM IST"
UC8XhTb5t,SHIPPED,EIHR,"2 Mar, 2024 1:41:27 PM IST","4 Mar, 2024 2:00:00 PM IST",ATS_STANDARD,ATS_STANDARD,xyz50,hill station 50,town 50,,city 50,state 50,500008,IN,9999999999,No,₹100.00 ,SKU0001,B0ZFGJJF8T50,Product 50,1,,3.4004E+11,"4 Mar, 2024 12:10:55 PM IST"
UCpgCLblt,SHIPPED,EIHR,"2 Mar, 2024 1:58:14 PM IST","4 Mar, 2024 2:00:00 PM IST",ATS_STANDARD,ATS_STANDARD,xyz51,hill station 51,town 51,,city 51,state 51,800007,IN,9999999999,No,₹100.00 ,SKU0001,B0ZFGJJF8T51,Product 51,1,,3.4004E+11,"4 Mar, 2024 12:10:55 PM IST"
UcB8R8ttt,SHIPPED,EIHR,"2 Mar, 2024 3:17:21 PM IST","4 Mar, 2024 2:00:00 PM IST",ATS_STANDARD,ATS_STANDARD,xyz52,hill station 52,town 52,,city 52,state 52,425309,IN,9999999999,No,₹100.00 ,SKU0001,B0ZFGJJF8T52,Product 52,1,,3.4004E+11,"4 Mar, 2024 12:10:55 PM IST"
U6dhh3b1t,SHIPPED,EIHR,"2 Mar, 2024 3:20:24 PM IST","4 Mar, 2024 2:00:00 PM IST",ATS_STANDARD,ATS_STANDARD,xyz53,hill station 53,town 53,,city 53,state 53,500039,IN,9999999999,No,₹100.00 ,SKU0001,B0ZFGJJF8T53,Product 53,1,,3.4004E+11,"4 Mar, 2024 12:10:55 PM IST"
U1ycbWtft,SHIPPED,EIHR,"2 Mar, 2024 3:48:03 PM IST","4 Mar, 2024 2:00:00 PM IST",ATS_STANDARD,ATS_STANDARD,xyz54,hill station 54,town 54,,city 54,state 54,444605,IN,9999999999,No,₹100.00 ,SKU0001,B0ZFGJJF8T54,Product 54,1,,3.4004E+11,"4 Mar, 2024 12:10:55 PM IST"
UCjq9gtVt,SHIPPED,EIHR,"2 Mar, 2024 4:12:53 PM IST","4 Mar, 2024 2:00:00 PM IST",ATS_STANDARD,ATS_STANDARD,xyz55,hill station 55,town 55,,city 55,state 55,400702,IN,9999999999,No,₹100.00 ,SKU0001,B0ZFGJJF8T55,Product 55,1,,3.4004E+11,"4 Mar, 2024 12:10:55 PM IST"
Uct8cRtMt,SHIPPED,EIHR,"2 Mar, 2024 7:07:48 PM IST","4 Mar, 2024 2:00:00 PM IST",ATS_STANDARD,ATS_STANDARD,xyz56,hill station 56,town 56,,city 56,state 56,140507,IN,9999999999,No,₹100.00 ,SKU0001,B0ZFGJJF8T56,Product 56,1,,3.4004E+11,"4 Mar, 2024 12:10:55 PM IST"
UXGkLDtbt,SHIPPED,EIHR,"2 Mar, 2024 7:27:25 PM IST","4 Mar, 2024 2:00:00 PM IST",ATS_STANDARD,ATS_STANDARD,xyz57,hill station 57,town 57,,city 57,state 57,600031,IN,9999999999,No,₹100.00 ,SKU0001,B0ZFGJJF8T57,Product 57,1,,3.4004E+11,"4 Mar, 2024 12:10:55 PM IST"
Uw9FLmt0t,SHIPPED,EIHR,"2 Mar, 2024 7:44:18 PM IST","4 Mar, 2024 2:00:00 PM IST",ATS_STANDARD,ATS_STANDARD,xyz58,hill station 58,town 58,,city 58,state 58,201304,IN,9999999999,No,₹100.00 ,SKU0001,B0ZFGJJF8T58,Product 58,1,,3.4004E+11,"4 Mar, 2024 12:10:55 PM IST"
UCfgrNt6t,SHIPPED,EIHR,"2 Mar, 2024 8:05:08 PM IST","4 Mar, 2024 2:00:00 PM IST",ATS_STANDARD,ATS_STANDARD,xyz59,hill station 59,town 59,,city 59,state 59,560016,IN,9999999999,No,₹100.00 ,SKU0001,B0ZFGJJF8T59,Product 59,1,,3.4004E+11,"4 Mar, 2024 12:10:55 PM IST"
U6Mb1Ptlt,SHIPPED,EIHR,"2 Mar, 2024 9:29:40 PM IST","4 Mar, 2024 2:00:00 PM IST",ATS_STANDARD,ATS_STANDARD,xyz60,hill station 60,town 60,,city 60,state 60,121101,IN,9999999999,No,₹100.00 ,SKU0001,B0ZFGJJF8T60,Product 60,1,,3.4004E+11,"4 Mar, 2024 12:10:55 PM IST"
UVWgS9tct,SHIPPED,EIHR,"2 Mar, 2024 6:28:14 PM IST","4 Mar, 2024 2:00:00 PM IST",ATS_STANDARD,ATS_STANDARD,xyz61,hill station 61,town 61,,city 61,state 61,530014,IN,9999999999,No,₹100.00 ,SKU0001,B0ZFGJJF8T61,Product 61,1,,3.4004E+11,"4 Mar, 2024 12:10:55 PM IST"
UX4V6ttzt,SHIPPED,EIHR,"2 Mar, 2024 10:46:35 PM IST","4 Mar, 2024 2:00:00 PM IST",ATS_STANDARD,ATS_STANDARD,xyz62,hill station 62,town 62,,city 62,state 62,263139,IN,9999999999,No,₹100.00 ,SKU0001,B0ZFGJJF8T62,Product 62,1,,3.4004E+11,"4 Mar, 2024 12:10:55 PM IST"
UVs7nbttt,SHIPPED,EIHR,"2 Mar, 2024 10:55:46 PM IST","4 Mar, 2024 2:00:00 PM IST",ATS_STANDARD,ATS_STANDARD,xyz63,hill station 63,town 63,,city 63,state 63,160062,IN,9999999999,No,₹100.00 ,SKU0001,B0ZFGJJF8T63,Product 63,1,,3.4004E+11,"4 Mar, 2024 12:10:55 PM IST"
U69KWXt3t,SHIPPED,EIHR,"3 Mar, 2024 12:21:36 AM IST","4 Mar, 2024 2:00:00 PM IST",ATS_STANDARD,ATS_STANDARD,xyz64,hill station 64,town 64,,city 64,state 64,600122,IN,9999999999,No,₹100.00 ,SKU0001,B0ZFGJJF8T64,Product 64,1,,3.4004E+11,"4 Mar, 2024 12:10:55 PM IST"
UGSr5vtHt,SHIPPED,EIHR,"3 Mar, 2024 2:21:32 AM IST","4 Mar, 2024 2:00:00 PM IST",ATS_STANDARD,ATS_STANDARD,xyz65,hill station 65,town 65,,city 65,state 65,201009,IN,9999999999,No,₹100.00 ,SKU0001,B0ZFGJJF8T65,Product 65,1,,3.4004E+11,"4 Mar, 2024 12:10:55 PM IST"
UV1tNyVft,SHIPPED,EIHR,"3 Mar, 2024 5:27:24 AM IST","5 Mar, 2024 2:00:00 PM IST",ATS_STANDARD,ATS_STANDARD,xyz66,hill station 66,town 66,,city 66,state 66,181206,IN,9999999999,No,₹100.00 ,SKU0001,B0ZFGJJF8T66,Product 66,1,,3.40062E+11,"5 Mar, 2024 11:57:26 AM IST"
UVGzkdVjt,SHIPPED,EIHR,"3 Mar, 2024 6:22:07 AM IST","4 Mar, 2024 2:00:00 PM IST",ATS_STANDARD,ATS_STANDARD,xyz67,hill station 67,town 67,,city 67,state 67,641041,IN,9999999999,No,₹100.00 ,SKU0001,B0ZFGJJF8T67,Product 67,1,,3.4004E+11,"4 Mar, 2024 12:10:55 PM IST"
UcvV4wVdt,SHIPPED,EIHR,"3 Mar, 2024 7:29:50 AM IST","4 Mar, 2024 2:00:00 PM IST",ATS_STANDARD,ATS_STANDARD,xyz68,hill station 68,town 68,,city 68,state 68,854311,IN,9999999999,No,₹100.00 ,SKU0001,B0ZFGJJF8T68,Product 68,1,,3.4004E+11,"4 Mar, 2024 12:10:55 PM IST"
UJW2kNVpt,SHIPPED,EIHR,"3 Mar, 2024 7:32:03 AM IST","4 Mar, 2024 2:00:00 PM IST",ATS_STANDARD,ATS_STANDARD,xyz69,hill station 69,town 69,,city 69,state 69,625009,IN,9999999999,No,₹100.00 ,SKU0001,B0ZFGJJF8T69,Product 69,1,,3.4004E+11,"4 Mar, 2024 12:10:55 PM IST"
U1FJR0VZt,SHIPPED,EIHR,"3 Mar, 2024 7:51:30 AM IST","4 Mar, 2024 2:00:00 PM IST",ATS_AIR,ATS_AIR,xyz70,hill station 70,town 70,,city 70,state 70,560068,IN,9999999999,No,₹100.00 ,SKU0001,B0ZFGJJF8T70,Product 70,1,,2.0593E+11,"4 Mar, 2024 12:10:55 PM IST"
UNzcYcVkt,SHIPPED,EIHR,"3 Mar, 2024 8:17:11 AM IST","4 Mar, 2024 2:00:00 PM IST",ATS_AIR,ATS_AIR,xyz71,hill station 71,town 71,,city 71,state 71,560097,IN,9999999999,No,₹100.00 ,SKU0001,B0ZFGJJF8T71,Product 71,1,,2.0593E+11,"4 Mar, 2024 12:10:55 PM IST"
UwmFwZV2t,SHIPPED,EIHR,"3 Mar, 2024 8:40:15 AM IST","4 Mar, 2024 2:00:00 PM IST",ATS_STANDARD,ATS_STANDARD,xyz72,hill station 72,town 72,,city 72,state 72,344022,IN,9999999999,No,₹100.00 ,SKU0001,B0ZFGJJF8T72,Product 72,1,,3.4004E+11,"4 Mar, 2024 12:10:55 PM IST"
UXXRwMVbt,SHIPPED,EIHR,"3 Mar, 2024 8:52:55 AM IST","4 Mar, 2024 2:00:00 PM IST",ATS_STANDARD,ATS_STANDARD,xyz73,hill station 73,town 73,,city 73,state 73,580008,IN,9999999999,No,₹100.00 ,SKU0001,B0ZFGJJF8T73,Product 73,1,,3.4004E+11,"4 Mar, 2024 12:10:55 PM IST"
UVTc98Vht,SHIPPED,EIHR,"3 Mar, 2024 9:08:33 AM IST","4 Mar, 2024 2:00:00 PM IST",ATS_STANDARD,ATS_STANDARD,xyz74,hill station 74,town 74,,city 74,state 74,600055,IN,9999999999,No,₹100.00 ,SKU0001,B0ZFGJJF8T74,Product 74,1,,3.4004E+11,"4 Mar, 2024 12:10:55 PM IST"
U1w7ymVwt,SHIPPED,EIHR,"3 Mar, 2024 10:01:27 AM IST","4 Mar, 2024 2:00:00 PM IST",ATS_STANDARD,ATS_STANDARD,xyz75,hill station 75,town 75,,city 75,state 75,500035,IN,9999999999,No,₹100.00 ,SKU0001,B0ZFGJJF8T75,Product 75,1,,3.4004E+11,"4 Mar, 2024 12:10:55 PM IST"
UXhvFnVtt,SHIPPED,EIHR,"3 Mar, 2024 10:22:16 AM IST","4 Mar, 2024 2:00:00 PM IST",IPS_SC_STD_COD,IPS_SC_STD_COD,xyz76,hill station 76,town 76,,city 76,state 76,504206,IN,9999999999,No,₹100.00 ,SKU0001,B0ZFGJJF8T76,Product 76,1,,EZ508717436IN,"4 Mar, 2024 12:10:55 PM IST"
U1NbYyVTt,SHIPPED,EIHR,"3 Mar, 2024 10:32:39 AM IST","4 Mar, 2024 2:00:00 PM IST",ATS_AIR,ATS_AIR,xyz77,hill station 77,town 77,,city 77,state 77,400025,IN,9999999999,No,₹100.00 ,SKU0001,B0ZFGJJF8T77,Product 77,1,,2.0593E+11,"4 Mar, 2024 12:10:55 PM IST"
UXNF2JV3t,SHIPPED,EIHR,"3 Mar, 2024 10:35:52 AM IST","4 Mar, 2024 2:00:00 PM IST",ATS_STANDARD,ATS_STANDARD,xyz78,hill station 78,town 78,,city 78,state 78,754142,IN,9999999999,No,₹100.00 ,SKU0001,B0ZFGJJF8T78,Product 78,1,,3.4004E+11,"4 Mar, 2024 12:10:55 PM IST"
UwFCYdV3t,SHIPPED,EIHR,"3 Mar, 2024 10:47:33 AM IST","4 Mar, 2024 2:00:00 PM IST",ATS_STANDARD,ATS_STANDARD,xyz79,hill station 79,town 79,,city 79,state 79,700084,IN,9999999999,No,₹100.00 ,SKU0001,B0ZFGJJF8T79,Product 79,1,,3.4004E+11,"4 Mar, 2024 12:10:55 PM IST"
UXs9DmV4t,SHIPPED,EIHR,"3 Mar, 2024 11:42:08 AM IST","4 Mar, 2024 2:00:00 PM IST",ATS_STANDARD,ATS_STANDARD,xyz80,hill station 80,town 80,,city 80,state 80,110045,IN,,No,₹100.00 ,SKU0001,B0ZFGJJF8T80,Product 80,1,,3.4004E+11,"4 Mar, 2024 12:10:55 PM IST"
UJSt2rVpt,SHIPPED,EIHR,"3 Mar, 2024 11:46:06 AM IST","4 Mar, 2024 2:00:00 PM IST",ATS_STANDARD,ATS_STANDARD,xyz81,hill station 81,town 81,,city 81,state 81,721305,IN,9002445734,No,₹100.00 ,SKU0001,B0ZFGJJF8T81,Product 81,1,,3.4004E+11,"4 Mar, 2024 12:10:55 PM IST"
Ug4QVjVwt,SHIPPED,EIHR,"3 Mar, 2024 12:02:52 PM IST","4 Mar, 2024 2:00:00 PM IST",ATS_AIR,ATS_AIR,xyz82,hill station 82,town 82,,city 82,state 82,143001,IN,8054738434,No,₹100.00 ,SKU0001,B0ZFGJJF8T82,Product 82,1,,2.0593E+11,"4 Mar, 2024 12:10:55 PM IST"
UCbN22V2t,SHIPPED,EIHR,"3 Mar, 2024 12:30:37 PM IST","4 Mar, 2024 2:00:00 PM IST",ATS_AFTERNOON,ATS_AFTERNOON,xyz83,hill station 83,town 83,,city 83,state 83,302012,IN,9314421202,No,₹100.00 ,SKU0001,B0ZFGJJF8T83,Product 83,1,,1.59772E+11,"4 Mar, 2024 12:10:55 PM IST"
UJSJvDVvt,SHIPPED,EIHR,"3 Mar, 2024 12:44:54 PM IST","4 Mar, 2024 2:00:00 PM IST",ATS_STANDARD,ATS_STANDARD,xyz84,hill station 84,town 84,,city 84,state 84,560047,IN,9449017797,No,₹100.00 ,SKU0001,B0ZFGJJF8T84,Product 84,1,,3.4004E+11,"4 Mar, 2024 12:10:55 PM IST"
UgTvcrVxt,SHIPPED,EIHR,"3 Mar, 2024 12:48:30 PM IST","4 Mar, 2024 2:00:00 PM IST",ATS_STANDARD,ATS_STANDARD,xyz85,hill station 85,town 85,,city 85,state 85,641006,IN,7094083644,No,₹100.00 ,SKU0001,B0ZFGJJF8T85,Product 85,1,,3.4004E+11,"4 Mar, 2024 12:10:55 PM IST"
UVJzcCVst,SHIPPED,EIHR,"3 Mar, 2024 12:50:08 PM IST","4 Mar, 2024 2:00:00 PM IST",ATS_STANDARD,ATS_STANDARD,xyz86,hill station 86,town 86,,city 86,state 86,221401,IN,9839649362,No,₹100.00 ,SKU0001,B0ZFGJJF8T86,Product 86,1,,3.4004E+11,"4 Mar, 2024 12:10:55 PM IST"
UGZGQVVGt,SHIPPED,EIHR,"3 Mar, 2024 12:53:44 PM IST","4 Mar, 2024 2:00:00 PM IST",ATS_STANDARD,ATS_STANDARD,xyz87,hill station 87,town 87,,city 87,state 87,132103,IN,8708587718,No,₹100.00 ,SKU0001,B0ZFGJJF8T87,Product 87,1,,3.4004E+11,"4 Mar, 2024 12:10:55 PM IST"
UcbFQ1VPt,SHIPPED,EIHR,"3 Mar, 2024 1:02:08 PM IST","4 Mar, 2024 2:00:00 PM IST",ATS_AFTERNOON,ATS_AFTERNOON,xyz88,hill station 88,town 88,,city 88,state 88,226018,IN,6390339138,No,₹100.00 ,SKU0001,B0ZFGJJF8T88,Product 88,1,,1.59772E+11,"4 Mar, 2024 12:10:55 PM IST"
UG7Q2sV5t,SHIPPED,EIHR,"3 Mar, 2024 1:09:23 PM IST","4 Mar, 2024 2:00:00 PM IST",ATS_STANDARD,ATS_STANDARD,xyz89,hill station 89,,,city 89,state 89,629167,IN,9442511312,No,₹100.00 ,SKU0001,B0ZFGJJF8T89,Product 89,1,,3.4004E+11,"4 Mar, 2024 12:10:55 PM IST"
UgV5QxVGt,SHIPPED,EIHR,"3 Mar, 2024 1:13:35 PM IST","4 Mar, 2024 2:00:00 PM IST",ATS_STANDARD,ATS_STANDARD,xyz90,hill station 90,Nalhati,,city 90,state 90,731220,IN,9474963497,No,₹100.00 ,SKU0001,B0ZFGJJF8T90,Product 90,1,,3.4004E+11,"4 Mar, 2024 12:10:55 PM IST"
U1ljc3V2t,SHIPPED,EIHR,"3 Mar, 2024 1:33:12 PM IST","4 Mar, 2024 2:00:00 PM IST",ATS_STANDARD,ATS_STANDARD,xyz91,hill station 91,"Feroz Shah Kotla Behind, Indian Express Building",,city 91,state 91,110002,IN,9315566411,No,₹100.00 ,SKU0001,B0ZFGJJF8T91,Product 91,1,,3.4004E+11,"4 Mar, 2024 12:10:55 PM IST"
UXFWsgVFt,SHIPPED,EIHR,"3 Mar, 2024 2:09:22 PM IST","4 Mar, 2024 2:00:00 PM IST",ATS_STANDARD,ATS_STANDARD,xyz92,hill station 92,Gali No.-7 Adhyapak Nagar Nangloi,,city 92,state 92,110041,IN,9711022217,No,₹100.00 ,SKU0001,B0ZFGJJF8T92,Product 92,1,,3.4004E+11,"4 Mar, 2024 12:10:55 PM IST"
U6JztzV0t,SHIPPED,EIHR,"3 Mar, 2024 4:52:14 PM IST","4 Mar, 2024 2:00:00 PM IST",ATS_STANDARD,ATS_STANDARD,xyz93,hill station 93,vpo sarsod,,city 93,state 93,125121,IN,8929090908,No,₹100.00 ,SKU0001,B0ZFGJJF8T93,Product 93,1,,3.4004E+11,"4 Mar, 2024 12:10:55 PM IST"
U1x1K7Vtt,SHIPPED,EIHR,"3 Mar, 2024 5:42:36 PM IST","4 Mar, 2024 2:00:00 PM IST",ATS_STANDARD,ATS_STANDARD,xyz94,hill station 94,"GAK Hill Ridge Apartment, Tiger Hills Colony, Hunter Road",,city 94,state 94,506001,IN,9989602702,No,₹100.00 ,SKU0001,B0ZFGJJF8T94,Product 94,1,,3.4004E+11,"4 Mar, 2024 12:10:55 PM IST"
U6ZhppVvt,SHIPPED,EIHR,"3 Mar, 2024 6:30:56 PM IST","4 Mar, 2024 2:00:00 PM IST",ATS_STANDARD,ATS_STANDARD,xyz95,hill station 95,Near ganesh talav biside khatavkar decorater miraj,,city 95,state 95,416410,IN,9970928044,No,₹100.00 ,SKU0001,B0ZFGJJF8T95,Product 95,1,,3.4004E+11,"4 Mar, 2024 12:10:55 PM IST"
Uc0QCQVqt,SHIPPED,EIHR,"3 Mar, 2024 7:36:00 PM IST","4 Mar, 2024 2:00:00 PM IST",ATS_STANDARD,ATS_STANDARD,xyz96,hill station 96,kaladhungi road,,city 96,state 96,263139,IN,7819980450,No,₹100.00 ,SKU0001,B0ZFGJJF8T96,Product 96,1,,3.4004E+11,"4 Mar, 2024 12:10:55 PM IST"
Ugy55GVxt,SHIPPED,EIHR,"3 Mar, 2024 8:27:40 PM IST","4 Mar, 2024 2:00:00 PM IST",ATS_AIR,ATS_AIR,xyz97,hill station 97,"4, Kanjur Village Road, Kanjur Marg East",,city 97,state 97,400042,IN,9323849319,No,₹100.00 ,SKU0001,B0ZFGJJF8T97,Product 97,1,,2.0593E+11,"4 Mar, 2024 12:10:55 PM IST"
Uwn0XDVNt,SHIPPED,EIHR,"3 Mar, 2024 8:27:47 PM IST","4 Mar, 2024 2:00:00 PM IST",ATS_STANDARD,ATS_STANDARD,xyz98,hill station 98,"Old Route No NH 7, saman",,city 98,state 98,486001,IN,9755005005,No,₹100.00 ,SKU0001,B0ZFGJJF8T98,Product 98,1,,3.4004E+11,"4 Mar, 2024 12:10:55 PM IST"
Unyrj5Vst,SHIPPED,EIHR,"3 Mar, 2024 8:39:14 PM IST","4 Mar, 2024 2:00:00 PM IST",ATS_AFTERNOON,ATS_AFTERNOON,xyz99,hill station 99,"Mall Road, Jalandhar Cantt",,city 99,state 99,144005,IN,8978277267,No,₹100.00 ,SKU0001,B0ZFGJJF8T99,Product 99,1,,1.59772E+11,"4 Mar, 2024 12:10:55 PM IST"
Uwq0Nv28t,SHIPPED,EIHR,"3 Mar, 2024 9:14:08 PM IST","4 Mar, 2024 2:00:00 PM IST",ATS_STANDARD,ATS_STANDARD,xyz100,hill station 100,,,city 100,state 100,110092,IN,9810743993,No,₹100.00 ,SKU0001,B0ZFGJJF8T100,Product 100,1,,3.4004E+11,"4 Mar, 2024 12:10:55 PM IST"
UgYM4J20t,SHIPPED,EIHR,"3 Mar, 2024 9:56:59 PM IST","4 Mar, 2024 2:00:00 PM IST",ATS_STANDARD,ATS_STANDARD,xyz101,hill station 101,"J C Nagar, Kurubarahalli",,city 101,state 101,560086,IN,9035238661,No,₹100.00 ,SKU0001,B0ZFGJJF8T101,Product 101,1,,3.4004E+11,"4 Mar, 2024 12:10:55 PM IST"
U1JJyM2Qt,SHIPPED,EIHR,"3 Mar, 2024 10:21:02 PM IST","4 Mar, 2024 2:00:00 PM IST",ATS_AFTERNOON,ATS_AFTERNOON,xyz102,hill station 102,"Sector J, Kursi Road",,city 102,state 102,226021,IN,9628551906,No,₹100.00 ,SKU0001,B0ZFGJJF8T102,Product 102,1,,1.59772E+11,"4 Mar, 2024 12:10:55 PM IST"
UJKdwz2Wt,SHIPPED,EIHR,"3 Mar, 2024 10:57:14 PM IST","5 Mar, 2024 2:00:00 PM IST",ATS_STANDARD,ATS_STANDARD,xyz103,hill station 103,,,city 103,state 103,201002,IN,9958379995,No,₹100.00 ,SKU0001,B0ZFGJJF8T103,Product 103,1,,3.40062E+11,"5 Mar, 2024 11:57:26 AM IST"
UXBLh8V7t,SHIPPED,EIHR,"3 Mar, 2024 11:01:10 PM IST","4 Mar, 2024 2:00:00 PM IST",ATS_STANDARD,ATS_STANDARD,xyz104,hill station 104,"Raikar Nagar, Dhayari",,city 104,state 104,411041,IN,8605005090,No,₹100.00 ,SKU0001,B0ZFGJJF8T104,Product 104,1,,3.4004E+11,"4 Mar, 2024 12:10:55 PM IST"
UNL4YB2Lt,SHIPPED,EIHR,"3 Mar, 2024 11:22:51 PM IST","4 Mar, 2024 2:00:00 PM IST",ATS_AFTERNOON,ATS_AFTERNOON,xyz105,hill station 105,,,city 105,state 105,110075,IN,8800671692,No,₹100.00 ,SKU0001,B0ZFGJJF8T105,Product 105,1,,1.59772E+11,"4 Mar, 2024 12:10:55 PM IST"
UGKMzc25t,SHIPPED,EIHR,"3 Mar, 2024 11:53:40 PM IST","4 Mar, 2024 2:00:00 PM IST",ATS_STANDARD,ATS_STANDARD,xyz106,hill station 106,Kankavati Flat,,city 106,state 106,364001,IN,9825398800,No,₹100.00 ,SKU0001,B0ZFGJJF8T106,Product 106,1,,3.4004E+11,"4 Mar, 2024 12:10:55 PM IST"
UJMdL726t,SHIPPED,EIHR,"4 Mar, 2024 1:09:07 AM IST","4 Mar, 2024 2:00:00 PM IST",ATS_AFTERNOON,ATS_AFTERNOON,xyz107,hill station 107,Sector 26,,city 107,state 107,122002,IN,9031321497,No,₹100.00 ,SKU0001,B0ZFGJJF8T107,Product 107,1,,1.59772E+11,"4 Mar, 2024 12:10:55 PM IST"
UGXW0b24t,SHIPPED,EIHR,"4 Mar, 2024 7:05:51 AM IST","5 Mar, 2024 2:00:00 PM IST",ATS_STANDARD,ATS_STANDARD,xyz108,hill station 108,Jhazz chounk,,city 108,state 108,143521,IN,1234567890,No,₹100.00 ,SKU0001,B0ZFGJJF8T108,Product 108,1,,3.40062E+11,"5 Mar, 2024 11:57:26 AM IST"
UgnCKw2jt,SHIPPED,EIHR,"4 Mar, 2024 7:59:45 AM IST","4 Mar, 2024 2:00:00 PM IST",ATS_STANDARD,ATS_STANDARD,xyz109,hill station 109,"Opposite Surya Clinic (Kidwaipuri),",,city 109,state 109,800001,IN,8579048460,No,₹100.00 ,SKU0001,B0ZFGJJF8T109,Product 109,1,,3.4004E+11,"4 Mar, 2024 12:10:55 PM IST"
UcfwKk2Pt,SHIPPED,EIHR,"4 Mar, 2024 8:24:22 AM IST","5 Mar, 2024 2:00:00 PM IST",ATS_STANDARD,ATS_STANDARD,xyz110,hill station 110,Near Rose park Kumily,,city 110,state 110,685509,IN,8098184052,No,₹100.00 ,SKU0001,B0ZFGJJF8T110,Product 110,1,,3.40062E+11,"5 Mar, 2024 11:57:26 AM IST"
U1qxmc2tt,SHIPPED,EIHR,"4 Mar, 2024 8:56:13 AM IST","4 Mar, 2024 2:00:00 PM IST",ATS_STANDARD,ATS_STANDARD,xyz111,hill station 111,M S P NAGAR,,city 111,state 111,638656,IN,8903451529,No,₹100.00 ,SKU0001,B0ZFGJJF8T111,Product 111,1,,3.4004E+11,"4 Mar, 2024 12:10:55 PM IST"
U1VcX52pt,SHIPPED,EIHR,"4 Mar, 2024 9:56:55 AM IST","4 Mar, 2024 2:00:00 PM IST",ATS_AIR,ATS_AIR,xyz112,hill station 112,"18B A.K. Mukherjee Road, Kolkata - 700090",,city 112,state 112,700090,IN,9432653351,No,₹100.00 ,SKU0001,B0ZFGJJF8T112,Product 112,1,,2.0593E+11,"4 Mar, 2024 12:10:55 PM IST"
UXbYC02Zt,SHIPPED,EIHR,"4 Mar, 2024 10:11:39 AM IST","4 Mar, 2024 2:00:00 PM IST",ATS_AIR,ATS_AIR,xyz113,hill station 113,"Bavdhan ,Ta Mulshi",,city 113,state 113,411021,IN,9998067065,No,₹100.00 ,SKU0001,B0ZFGJJF8T113,Product 113,1,,2.0593E+11,"4 Mar, 2024 12:10:55 PM IST"
UCw7gp2zt,SHIPPED,EIHR,"4 Mar, 2024 10:21:41 AM IST","5 Mar, 2024 2:00:00 PM IST",ATS_STANDARD,ATS_STANDARD,xyz114,hill station 114,Near busstand,,city 114,state 114,521211,IN,9381285877,No,₹100.00 ,SKU0001,B0ZFGJJF8T114,Product 114,1,,3.40062E+11,"5 Mar, 2024 11:57:26 AM IST"
UNpbX42Dt,SHIPPED,EIHR,"4 Mar, 2024 10:23:32 AM IST","5 Mar, 2024 2:00:00 PM IST",ATS_STANDARD,ATS_STANDARD,xyz115,hill station 115,Karanai,,city 115,state 115,600130,IN,7550011384,No,₹100.00 ,SKU0001,B0ZFGJJF8T115,Product 115,1,,3.40062E+11,"5 Mar, 2024 11:57:26 AM IST"
U1Jc5y2vt,SHIPPED,EIHR,"4 Mar, 2024 11:19:46 AM IST","5 Mar, 2024 2:00:00 PM IST",ATS_STANDARD,ATS_STANDARD,xyz116,hill station 116,KASABA BAWADA,,city 116,state 116,416006,IN,9860944911,No,₹100.00 ,SKU0001,B0ZFGJJF8T116,Product 116,1,,3.40062E+11,"5 Mar, 2024 11:57:26 AM IST"
UX6kgL22t,SHIPPED,EIHR,"4 Mar, 2024 11:55:52 AM IST","5 Mar, 2024 2:00:00 PM IST",ATS_STANDARD,ATS_STANDARD,xyz117,hill station 117,"333 BELASSIS ROAD, TARDEO",,city 117,state 117,400034,IN,9167468911,No,₹100.00 ,SKU0001,B0ZFGJJF8T117,Product 117,1,,3.40062E+11,"5 Mar, 2024 11:57:26 AM IST"
UnjYZh2pt,SHIPPED,EIHR,"4 Mar, 2024 12:39:51 PM IST","5 Mar, 2024 2:00:00 PM IST",ATS_STANDARD,ATS_STANDARD,xyz118,hill station 118,Uska road Azad nagar Tetri bazar,,city 118,state 118,272207,IN,7272820699,No,₹100.00 ,SKU0001,B0ZFGJJF8T118,Product 118,1,,3.40062E+11,"5 Mar, 2024 11:57:26 AM IST"
UJJsqx2Yt,SHIPPED,EIHR,"4 Mar, 2024 1:28:02 PM IST","5 Mar, 2024 2:00:00 PM IST",ATS_STANDARD,ATS_STANDARD,xyz119,hill station 119,"Hazipur, Sector 104",,city 119,state 119,201301,IN,9839565735,No,₹100.00 ,SKU0001,B0ZFGJJF8T119,Product 119,1,,3.40062E+11,"5 Mar, 2024 11:57:26 AM IST"
UGtFR3Mdt,SHIPPED,EIHR,"4 Mar, 2024 1:33:39 PM IST","5 Mar, 2024 2:00:00 PM IST",ATS_STANDARD,ATS_STANDARD,xyz120,hill station 120,Near ZPH girls school,,city 120,state 120,515402,IN,9505814881,No,₹100.00 ,SKU0001,B0ZFGJJF8T120,Product 120,1,,3.40062E+11,"5 Mar, 2024 11:57:26 AM IST"
UVHxjK2xt,SHIPPED,EIHR,"4 Mar, 2024 1:57:39 PM IST","5 Mar, 2024 2:00:00 PM IST",ATS_STANDARD,ATS_STANDARD,xyz121,hill station 121,"2nd cross, Royal gardenia layout",,city 121,state 121,560099,IN,8722250407,No,₹100.00 ,SKU0001,B0ZFGJJF8T121,Product 121,1,,3.40062E+11,"5 Mar, 2024 11:57:26 AM IST"
UJb74wMWt,SHIPPED,EIHR,"4 Mar, 2024 2:59:39 PM IST","5 Mar, 2024 2:00:00 PM IST",ATS_STANDARD,ATS_STANDARD,xyz122,hill station 122,Asiad Village,,city 122,state 122,110049,IN,8882238252,No,₹100.00 ,SKU0001,B0ZFGJJF8T122,Product 122,1,,3.40062E+11,"5 Mar, 2024 11:57:26 AM IST"
UNZtQ7Mkt,SHIPPED,EIHR,"4 Mar, 2024 5:24:15 PM IST","5 Mar, 2024 2:00:00 PM IST",ATS_STANDARD,ATS_STANDARD,xyz123,hill station 123,Opp to Rahothamor Temple Manampoondi,,city 123,state 123,605757,IN,9665452265,No,₹100.00 ,SKU0001,B0ZFGJJF8T123,Product 123,1,,3.40062E+11,"5 Mar, 2024 11:57:26 AM IST"
UnfQQ0MLt,SHIPPED,EIHR,"4 Mar, 2024 5:39:25 PM IST","5 Mar, 2024 2:00:00 PM IST",ATS_STANDARD,ATS_STANDARD,xyz124,hill station 124,"Ambedkar nagar, padalam",,city 124,state 124,603308,IN,9944678526,No,₹100.00 ,SKU0001,B0ZFGJJF8T124,Product 124,1,,3.40062E+11,"5 Mar, 2024 11:57:26 AM IST"
UXBV2BMrt,SHIPPED,EIHR,"4 Mar, 2024 5:40:52 PM IST","5 Mar, 2024 2:00:00 PM IST",ATS_STANDARD,ATS_STANDARD,xyz125,hill station 125,Village Mohhamdpur Chail kaushambi,,city 125,state 125,212202,IN,9305136228,No,₹100.00 ,SKU0001,B0ZFGJJF8T125,Product 125,1,,3.40062E+11,"5 Mar, 2024 11:57:26 AM IST"
Unbk1GMRt,SHIPPED,EIHR,"4 Mar, 2024 6:15:00 PM IST","5 Mar, 2024 2:00:00 PM IST",ATS_STANDARD,ATS_STANDARD,xyz126,hill station 126,187/1A Punnai Nagar,,city 126,state 126,629004,IN,9159888202,No,₹100.00 ,SKU0001,B0ZFGJJF8T126,Product 126,1,,3.40062E+11,"5 Mar, 2024 11:57:26 AM IST"
Ucm61cMFt,SHIPPED,EIHR,"4 Mar, 2024 6:55:00 PM IST","5 Mar, 2024 2:00:00 PM IST",ATS_STANDARD,ATS_STANDARD,xyz127,hill station 127,4th floor attapur,,city 127,state 127,500048,IN,9948699973,No,₹100.00 ,SKU0001,B0ZFGJJF8T127,Product 127,1,,3.40062E+11,"5 Mar, 2024 11:57:26 AM IST"
UcSkMsMct,SHIPPED,EIHR,"4 Mar, 2024 7:14:52 PM IST","5 Mar, 2024 2:00:00 PM IST",ATS_STANDARD,ATS_STANDARD,xyz128,hill station 128,,,city 128,state 128,678545,IN,8547432570,No,₹100.00 ,SKU0001,B0ZFGJJF8T128,Product 128,1,,3.40062E+11,"5 Mar, 2024 11:57:26 AM IST"
U1fx3sMVt,SHIPPED,EIHR,"4 Mar, 2024 8:03:07 PM IST","5 Mar, 2024 2:00:00 PM IST",ATS_STANDARD,ATS_STANDARD,xyz129,hill station 129,Sector 46,,city 129,state 129,122003,IN,9697198765,No,₹100.00 ,SKU0001,B0ZFGJJF8T129,Product 129,1,,3.40062E+11,"5 Mar, 2024 11:57:26 AM IST"
UVK2dJMvt,SHIPPED,EIHR,"4 Mar, 2024 8:41:56 PM IST","5 Mar, 2024 2:00:00 PM IST",ATS_STANDARD,ATS_STANDARD,xyz130,hill station 130,"Near Life pharmacy, nizampate",,city 130,state 130,500090,IN,9949255033,No,₹100.00 ,SKU0001,B0ZFGJJF8T130,Product 130,1,,3.40062E+11,"5 Mar, 2024 11:57:26 AM IST"
UGDC3zMtt,SHIPPED,EIHR,"4 Mar, 2024 8:46:36 PM IST","5 Mar, 2024 2:00:00 PM IST",ATS_STANDARD,ATS_STANDARD,xyz131,hill station 131,Saharanpur,,city 131,state 131,247001,IN,8445868758,No,₹100.00 ,SKU0001,B0ZFGJJF8T131,Product 131,1,,3.40062E+11,"5 Mar, 2024 11:57:26 AM IST"
UNg2lhMlt,SHIPPED,EIHR,"4 Mar, 2024 10:08:32 PM IST","7 Mar, 2024 2:00:00 PM IST",ATS_STANDARD,ATS_STANDARD,xyz132,hill station 132,Tajen Ao Road Notun Bosti,,city 132,state 132,797112,IN,9774195789,No,₹100.00 ,SKU0001,B0ZFGJJF8T132,Product 132,1,,3.40101E+11,"7 Mar, 2024 9:48:32 AM IST"
Ug8rljM8t,SHIPPED,EIHR,"4 Mar, 2024 10:12:43 PM IST","5 Mar, 2024 2:00:00 PM IST",ATS_STANDARD,ATS_STANDARD,xyz133,hill station 133,Mhow Cantt,,city 133,state 133,453441,IN,9149942772,No,₹100.00 ,SKU0001,B0ZFGJJF8T133,Product 133,1,,3.40062E+11,"5 Mar, 2024 11:57:26 AM IST"
UNphWcMTt,SHIPPED,EIHR,"4 Mar, 2024 10:26:29 PM IST","5 Mar, 2024 2:00:00 PM IST",ATS_STANDARD,ATS_STANDARD,xyz134,hill station 134,Flat no 102,,city 134,state 134,500030,IN,9177116064,No,₹100.00 ,SKU0001,B0ZFGJJF8T134,Product 134,1,,3.40062E+11,"5 Mar, 2024 11:57:26 AM IST"
UN8KSKMyt,SHIPPED,EIHR,"4 Mar, 2024 11:05:00 PM IST","5 Mar, 2024 2:00:00 PM IST",ATS_STANDARD,ATS_STANDARD,xyz135,hill station 135,"Near Shiv Mondir Auto stand,  Papum Pare",,city 135,state 135,791110,IN,7983821109,No,₹100.00 ,SKU0001,B0ZFGJJF8T135,Product 135,1,,3.40062E+11,"5 Mar, 2024 11:57:26 AM IST"
U1SKZqMBt,SHIPPED,EIHR,"4 Mar, 2024 11:12:53 PM IST","5 Mar, 2024 2:00:00 PM IST",ATS_STANDARD,ATS_STANDARD,xyz136,hill station 136,Sec 17b Chandigarh,,city 136,state 136,160017,IN,6239213070,No,₹100.00 ,SKU0001,B0ZFGJJF8T136,Product 136,1,,3.40062E+11,"5 Mar, 2024 11:57:26 AM IST"
U3K8htMct,SHIPPED,EIHR,"4 Mar, 2024 11:22:50 PM IST","5 Mar, 2024 2:00:00 PM IST",ATS_STANDARD,ATS_STANDARD,xyz137,hill station 137,"B-10, Udaygiri-2, sector-34, Noida",,city 137,state 137,201307,IN,9958484125,No,₹100.00 ,SKU0001,B0ZFGJJF8T137,Product 137,1,,3.40062E+11,"5 Mar, 2024 11:57:26 AM IST"
UNCBRBBJt,SHIPPED,EIHR,"4 Mar, 2024 11:46:13 PM IST","5 Mar, 2024 2:00:00 PM IST",ATS_STANDARD,ATS_STANDARD,xyz138,hill station 138,"Krishna nagar, J.P. Nagar 7th phase,",,city 138,state 138,560076,IN,9916310191,No,₹100.00 ,SKU0001,B0ZFGJJF8T138,Product 138,1,,3.40062E+11,"5 Mar, 2024 11:57:26 AM IST"
UwXFCgMft,SHIPPED,EIHR,"5 Mar, 2024 12:13:57 AM IST","5 Mar, 2024 2:00:00 PM IST",ATS_STANDARD,ATS_STANDARD,xyz139,hill station 139,Bethamangala,,city 139,state 139,563116,IN,7975658985,No,₹100.00 ,SKU0001,B0ZFGJJF8T139,Product 139,1,,3.40062E+11,"5 Mar, 2024 11:57:26 AM IST"
UgJZgJMPt,SHIPPED,EIHR,"5 Mar, 2024 12:29:39 AM IST","5 Mar, 2024 2:00:00 PM IST",ATS_AIR,ATS_AIR,xyz140,hill station 140,"Kalena agrahara, bannerghatta road, Bangalore South",,city 140,state 140,560076,IN,9980405057,No,₹100.00 ,SKU0001,B0ZFGJJF8T140,Product 140,1,,2.05931E+11,"5 Mar, 2024 11:57:26 AM IST"
UCx1RNBjt,SHIPPED,EIHR,"5 Mar, 2024 12:46:50 AM IST","5 Mar, 2024 2:00:00 PM IST",ATS_STANDARD,ATS_STANDARD,xyz141,hill station 141,Simlaguri,,city 141,state 141,781313,IN,8638725944,No,₹100.00 ,SKU0001,B0ZFGJJF8T141,Product 141,1,,3.40062E+11,"5 Mar, 2024 11:57:26 AM IST"
U18hHmBpt,SHIPPED,EIHR,"5 Mar, 2024 1:18:13 AM IST","5 Mar, 2024 2:00:00 PM IST",ATS_STANDARD,ATS_STANDARD,xyz142,hill station 142,"Integral University, Kursi Road Lucknow",,city 142,state 142,226026,IN,9910921435,No,₹100.00 ,SKU0001,B0ZFGJJF8T142,Product 142,1,,3.40062E+11,"5 Mar, 2024 11:57:26 AM IST"
Ucj3xwB2t,SHIPPED,EIHR,"5 Mar, 2024 8:47:52 AM IST","5 Mar, 2024 2:00:00 PM IST",ATS_STANDARD,ATS_STANDARD,xyz143,hill station 143,Madhali Ali,,city 143,state 143,415804,IN,8826030505,No,₹100.00 ,SKU0001,B0ZFGJJF8T143,Product 143,1,,3.40062E+11,"5 Mar, 2024 11:57:26 AM IST"
UngFxJB3t,SHIPPED,EIHR,"5 Mar, 2024 9:18:00 AM IST","5 Mar, 2024 2:00:00 PM IST",ATS_STANDARD,ATS_STANDARD,xyz144,hill station 144,"Opp. Audi Car Showroom, Rajkot-Ahmedabad Highway",,city 144,state 144,360003,IN,9.17874E+11,No,₹100.00 ,SKU0001,B0ZFGJJF8T144,Product 144,1,,3.40062E+11,"5 Mar, 2024 11:57:26 AM IST"
U6Nsr3Btt,SHIPPED,EIHR,"5 Mar, 2024 9:38:22 AM IST","5 Mar, 2024 2:00:00 PM IST",ATS_STANDARD,ATS_STANDARD,xyz145,hill station 145,Maya Enclave,,city 145,state 145,110064,IN,9811308817,No,₹100.00 ,SKU0001,B0ZFGJJF8T145,Product 145,1,,3.40062E+11,"5 Mar, 2024 11:57:26 AM IST"
UGym3YB1t,SHIPPED,EIHR,"5 Mar, 2024 10:14:15 AM IST","6 Mar, 2024 2:00:00 PM IST",ATS_STANDARD,ATS_STANDARD,xyz146,hill station 146,Karan nagar,,city 146,state 146,190001,IN,9596472907,No,₹100.00 ,SKU0001,B0ZFGJJF8T146,Product 146,4,,3.40082E+11,"6 Mar, 2024 11:27:42 AM IST"
UGBGnMB4t,SHIPPED,EIHR,"5 Mar, 2024 10:45:24 AM IST","5 Mar, 2024 2:00:00 PM IST",ATS_AIR,ATS_AIR,xyz147,hill station 147,Kunal Icon Road Pimple Saudagar,,city 147,state 147,411027,IN,9975488001,No,₹100.00 ,SKU0001,B0ZFGJJF8T147,Product 147,1,,2.05931E+11,"5 Mar, 2024 11:57:26 AM IST"
UwqZtKBHt,SHIPPED,EIHR,"5 Mar, 2024 10:55:50 AM IST","5 Mar, 2024 2:00:00 PM IST",ATS_STANDARD,ATS_STANDARD,xyz148,hill station 148,"Near Holi Chowk, Meerpur, Rewari 122502",,city 148,state 148,122502,IN,9518428208,No,₹100.00 ,SKU0001,B0ZFGJJF8T148,Product 148,1,,3.40062E+11,"5 Mar, 2024 11:57:26 AM IST"
UGqMPVBVt,SHIPPED,EIHR,"5 Mar, 2024 10:54:08 AM IST","5 Mar, 2024 2:00:00 PM IST",ATS_AIR,ATS_AIR,xyz149,hill station 149,Gachibowli,,city 149,state 149,500084,IN,8500271000,No,₹100.00 ,SKU0001,B0ZFGJJF8T149,Product 149,1,,2.05931E+11,"5 Mar, 2024 11:57:26 AM IST"
Uc2kP5BJt,SHIPPED,EIHR,"5 Mar, 2024 11:06:47 AM IST","5 Mar, 2024 2:00:00 PM IST",ATS_AIR,ATS_AIR,xyz150,hill station 150,Alkapur Township,,city 150,state 150,500089,IN,7411868297,No,₹100.00 ,SKU0001,B0ZFGJJF8T150,Product 150,1,,2.05931E+11,"5 Mar, 2024 11:57:26 AM IST"
UJqgdlBZt,SHIPPED,EIHR,"5 Mar, 2024 12:02:32 PM IST","6 Mar, 2024 2:00:00 PM IST",ATS_STANDARD,ATS_STANDARD,xyz151,hill station 151,chromepet,,city 151,state 151,600044,IN,8072043596,No,₹100.00 ,SKU0001,B0ZFGJJF8T151,Product 151,1,,3.40082E+11,"6 Mar, 2024 11:27:42 AM IST"
U3rr8JBct,SHIPPED,EIHR,"5 Mar, 2024 2:48:41 PM IST","6 Mar, 2024 2:00:00 PM IST",ATS_STANDARD,ATS_STANDARD,xyz152,hill station 152,"Dangi colony , Ground floor,Vivenda mendis apartment",,city 152,state 152,403507,IN,9405220805,No,₹100.00 ,SKU0001,B0ZFGJJF8T152,Product 152,2,,3.40082E+11,"6 Mar, 2024 11:27:42 AM IST"
UNwJmcBkt,SHIPPED,EIHR,"5 Mar, 2024 3:46:16 PM IST","6 Mar, 2024 2:00:00 PM IST",ATS_STANDARD,ATS_STANDARD,xyz153,hill station 153,"Peerzadiguda, Uppal",,city 153,state 153,500039,IN,9640804421,No,₹100.00 ,SKU0001,B0ZFGJJF8T153,Product 153,1,,3.40082E+11,"6 Mar, 2024 11:27:42 AM IST"
UJF7gdB3t,SHIPPED,EIHR,"5 Mar, 2024 4:14:03 PM IST","6 Mar, 2024 2:00:00 PM IST",ATS_STANDARD,ATS_STANDARD,xyz154,hill station 154,Master Ramdhan wali gali.,,city 154,state 154,110036,IN,8800503215,No,₹100.00 ,SKU0001,B0ZFGJJF8T154,Product 154,1,,3.40082E+11,"6 Mar, 2024 11:27:42 AM IST"
UXsPhRBwt,SHIPPED,EIHR,"5 Mar, 2024 4:21:33 PM IST","6 Mar, 2024 2:00:00 PM IST",ATS_STANDARD,ATS_STANDARD,xyz155,hill station 155,Dapode,,city 155,state 155,421302,IN,7977532126,No,₹100.00 ,SKU0001,B0ZFGJJF8T155,Product 155,1,,3.40082E+11,"6 Mar, 2024 11:27:42 AM IST"
U1S2kFgZt,SHIPPED,EIHR,"5 Mar, 2024 4:34:57 PM IST","6 Mar, 2024 2:00:00 PM IST",ATS_STANDARD,ATS_STANDARD,xyz156,hill station 156,Beheramal,,city 156,state 156,768201,IN,7008144833,No,₹100.00 ,SKU0001,B0ZFGJJF8T156,Product 156,1,,3.40082E+11,"6 Mar, 2024 11:27:42 AM IST"
U6S7fcBVt,SHIPPED,EIHR,"5 Mar, 2024 4:42:43 PM IST","6 Mar, 2024 2:00:00 PM IST",ATS_STANDARD,ATS_STANDARD,xyz157,hill station 157,"Friends enclave,west cabin block, mundka",,city 157,state 157,110041,IN,7359247988,No,₹100.00 ,SKU0001,B0ZFGJJF8T157,Product 157,1,,3.40082E+11,"6 Mar, 2024 11:27:42 AM IST"
UwYk4Bg4t,SHIPPED,EIHR,"5 Mar, 2024 6:56:03 PM IST","6 Mar, 2024 2:00:00 PM IST",ATS_STANDARD,ATS_STANDARD,xyz158,hill station 158,Rajshree Medical Research Institute,,city 158,state 158,243501,IN,9560531231,No,₹100.00 ,SKU0001,B0ZFGJJF8T158,Product 158,1,,3.40082E+11,"6 Mar, 2024 11:27:42 AM IST"
U3nZDWgYt,SHIPPED,EIHR,"5 Mar, 2024 7:31:01 PM IST","6 Mar, 2024 2:00:00 PM IST",ATS_STANDARD,ATS_STANDARD,xyz159,hill station 159,Sanath Nagar,,city 159,state 159,500018,IN,9849043444,No,₹100.00 ,SKU0001,B0ZFGJJF8T159,Product 159,1,,3.40082E+11,"6 Mar, 2024 11:27:42 AM IST"
U6wx2LgJt,SHIPPED,EIHR,"5 Mar, 2024 8:17:50 PM IST","6 Mar, 2024 2:00:00 PM IST",ATS_STANDARD,ATS_STANDARD,xyz160,hill station 160,Hyderpora Bye Pass,,city 160,state 160,190014,IN,9818412236,No,₹100.00 ,SKU0001,B0ZFGJJF8T160,Product 160,1,,3.40082E+11,"6 Mar, 2024 11:27:42 AM IST"
Uc9Yvdgct,SHIPPED,EIHR,"5 Mar, 2024 9:08:42 PM IST","6 Mar, 2024 2:00:00 PM IST",ATS_STANDARD,ATS_STANDARD,xyz161,hill station 161,GAIL VIHAR SECTOR 23 NOIDA,,city 161,state 161,201301,IN,9318309772,No,₹100.00 ,SKU0001,B0ZFGJJF8T161,Product 161,1,,3.40082E+11,"6 Mar, 2024 11:27:42 AM IST"
UX6vvwgst,SHIPPED,EIHR,"5 Mar, 2024 9:29:18 PM IST","6 Mar, 2024 2:00:00 PM IST",ATS_STANDARD,ATS_STANDARD,xyz162,hill station 162,GB Pant University of Agriculture and Technology,,city 162,state 162,263145,IN,7060157555,No,₹100.00 ,SKU0001,B0ZFGJJF8T162,Product 162,1,,3.40082E+11,"6 Mar, 2024 11:27:42 AM IST"
U3PFJBgmt,SHIPPED,EIHR,"5 Mar, 2024 10:45:10 PM IST","8 Mar, 2024 2:00:00 PM IST",ATS_STANDARD,ATS_STANDARD,xyz163,hill station 163,Ujan Abhoynagar,,city 163,state 163,799005,IN,9436134015,No,₹100.00 ,SKU0001,B0ZFGJJF8T163,Product 163,1,,3.4012E+11,"8 Mar, 2024 11:33:59 AM IST"
U6pTJNgPt,SHIPPED,EIHR,"5 Mar, 2024 10:59:37 PM IST","6 Mar, 2024 2:00:00 PM IST",ATS_STANDARD,ATS_STANDARD,xyz164,hill station 164,"near bharat cancer hospital, saroli,Puna-kumbhariya road",,city 164,state 164,395010,IN,8141385540,No,₹100.00 ,SKU0001,B0ZFGJJF8T164,Product 164,1,,3.40082E+11,"6 Mar, 2024 11:27:42 AM IST"
U3VC3bgst,SHIPPED,EIHR,"5 Mar, 2024 10:59:37 PM IST","6 Mar, 2024 2:00:00 PM IST",ATS_STANDARD,ATS_STANDARD,xyz165,hill station 165,"Viddya Nagari,Deopur",,city 165,state 165,424005,IN,8329788344,No,₹100.00 ,SKU0001,B0ZFGJJF8T165,Product 165,1,,3.40082E+11,"6 Mar, 2024 11:27:42 AM IST"
U1SX35g4t,SHIPPED,EIHR,"5 Mar, 2024 11:22:19 PM IST","6 Mar, 2024 2:00:00 PM IST",ATS_AFTERNOON,ATS_AFTERNOON,xyz166,hill station 166,"Amrik Singh Road,",,city 166,state 166,151001,IN,9872852000,No,₹100.00 ,SKU0001,B0ZFGJJF8T166,Product 166,1,,1.59781E+11,"6 Mar, 2024 11:27:42 AM IST"
UcTW6XgKt,SHIPPED,EIHR,"6 Mar, 2024 1:20:42 AM IST","6 Mar, 2024 2:00:00 PM IST",ATS_STANDARD,ATS_STANDARD,xyz167,hill station 167,Bagh Dilkusha bhopal MP,,city 167,state 167,462023,IN,8319217411,No,₹100.00 ,SKU0001,B0ZFGJJF8T167,Product 167,1,,3.40082E+11,"6 Mar, 2024 11:27:42 AM IST"
UN7TZygQt,SHIPPED,EIHR,"6 Mar, 2024 4:55:51 AM IST","6 Mar, 2024 2:00:00 PM IST",ATS_AIR,ATS_AIR,xyz168,hill station 168,"teachers colony, Trimulgherry",,city 168,state 168,500015,IN,8499019954,No,₹100.00 ,SKU0001,B0ZFGJJF8T168,Product 168,1,,2.05933E+11,"6 Mar, 2024 11:27:42 AM IST"
U3dZNj8Zt,SHIPPED,EIHR,"6 Mar, 2024 8:14:09 AM IST","6 Mar, 2024 2:00:00 PM IST",ATS_STANDARD,ATS_STANDARD,xyz169,hill station 169,Vanagaram Chennai,,city 169,state 169,600095,IN,9445209511,No,₹100.00 ,SKU0001,B0ZFGJJF8T169,Product 169,1,,3.40082E+11,"6 Mar, 2024 11:27:42 AM IST"
UcsfN38rt,SHIPPED,EIHR,"6 Mar, 2024 8:20:57 AM IST","6 Mar, 2024 2:00:00 PM IST",ATS_AIR,ATS_AIR,xyz170,hill station 170,"Kakateeya Hills, Madhapur",,city 170,state 170,500081,IN,7799883266,No,₹100.00 ,SKU0001,B0ZFGJJF8T170,Product 170,1,,2.05933E+11,"6 Mar, 2024 11:27:42 AM IST"
UgcZjdg1t,SHIPPED,EIHR,"6 Mar, 2024 8:35:42 AM IST","6 Mar, 2024 2:00:00 PM IST",ATS_STANDARD,ATS_STANDARD,xyz171,hill station 171,Bandra West,,city 171,state 171,400050,IN,8779658325,No,₹100.00 ,SKU0001,B0ZFGJJF8T171,Product 171,1,,3.40082E+11,"6 Mar, 2024 11:27:42 AM IST"
UgxR4L8zt,SHIPPED,EIHR,"6 Mar, 2024 8:48:52 AM IST","6 Mar, 2024 2:00:00 PM IST",ATS_STANDARD,ATS_STANDARD,xyz172,hill station 172,"1st cross, Subbaiah Garden, Balagere Main Road, Varthur",,city 172,state 172,560087,IN,7585877129,No,₹100.00 ,SKU0001,B0ZFGJJF8T172,Product 172,1,,3.40082E+11,"6 Mar, 2024 11:27:42 AM IST"
UgfP5MgJt,SHIPPED,EIHR,"6 Mar, 2024 8:55:03 AM IST","6 Mar, 2024 2:00:00 PM IST",ATS_STANDARD,ATS_STANDARD,xyz173,hill station 173,Ranibandh near nagasthan,,city 173,state 173,826004,IN,8002067411,No,₹100.00 ,SKU0001,B0ZFGJJF8T173,Product 173,1,,3.40082E+11,"6 Mar, 2024 11:27:42 AM IST"
Un6YNr8mt,SHIPPED,EIHR,"6 Mar, 2024 8:57:51 AM IST","6 Mar, 2024 2:00:00 PM IST",ATS_STANDARD,ATS_STANDARD,xyz174,hill station 174,"First Main Road, RA Puram",,city 174,state 174,600028,IN,9940534064,No,₹100.00 ,SKU0001,B0ZFGJJF8T174,Product 174,1,,3.40082E+11,"6 Mar, 2024 11:27:42 AM IST"
UwdZyS8Nt,SHIPPED,EIHR,"6 Mar, 2024 9:18:04 AM IST","6 Mar, 2024 2:00:00 PM IST",ATS_STANDARD,ATS_STANDARD,xyz175,hill station 175,Near P&G Gate number 02,,city 175,state 175,462046,IN,8109102326,No,₹100.00 ,SKU0001,B0ZFGJJF8T175,Product 175,1,,3.40082E+11,"6 Mar, 2024 11:27:42 AM IST"
U19DbF8rt,SHIPPED,EIHR,"6 Mar, 2024 9:25:36 AM IST","6 Mar, 2024 2:00:00 PM IST",ATS_STANDARD,ATS_STANDARD,xyz176,hill station 176,"St. Joseph hospital,Mariam Nagar, Meerut road,Nandgram, Ghaz",,city 176,state 176,201003,IN,8168187917,No,₹100.00 ,SKU0001,B0ZFGJJF8T176,Product 176,1,,3.40082E+11,"6 Mar, 2024 11:27:42 AM IST"
U3RYhVgnt,SHIPPED,EIHR,"6 Mar, 2024 9:43:18 AM IST","6 Mar, 2024 2:00:00 PM IST",ATS_STANDARD,ATS_STANDARD,xyz177,hill station 177,"Bharathi Nagar, 1st Cross, Karuvadikuppam",,city 177,state 177,605008,IN,9940183783,No,₹100.00 ,SKU0001,B0ZFGJJF8T177,Product 177,1,,3.40082E+11,"6 Mar, 2024 11:27:42 AM IST"
UczmHc8nt,SHIPPED,EIHR,"6 Mar, 2024 9:45:54 AM IST","6 Mar, 2024 2:00:00 PM IST",ATS_AIR,ATS_AIR,xyz178,hill station 178,"Shree Ananth Nagar Phase 1, Near 3rd cross Electronic city 2",,city 178,state 178,560100,IN,9620848000,No,₹100.00 ,SKU0001,B0ZFGJJF8T178,Product 178,1,,2.05933E+11,"6 Mar, 2024 11:27:42 AM IST"
U3R3b18Ht,SHIPPED,EIHR,"6 Mar, 2024 10:32:25 AM IST","6 Mar, 2024 2:00:00 PM IST",ATS_STANDARD,ATS_STANDARD,xyz179,hill station 179,Greater Noida West,,city 179,state 179,201306,IN,9971598175,No,₹100.00 ,SKU0001,B0ZFGJJF8T179,Product 179,1,,3.40082E+11,"6 Mar, 2024 11:27:42 AM IST"
Uwpk9d8ct,SHIPPED,EIHR,"6 Mar, 2024 11:06:26 AM IST","7 Mar, 2024 2:00:00 PM IST",ATS_STANDARD,ATS_STANDARD,xyz180,hill station 180,Ward no 6,,city 180,state 180,151202,IN,9041266512,No,₹100.00 ,SKU0001,B0ZFGJJF8T180,Product 180,1,,3.40101E+11,"7 Mar, 2024 9:48:31 AM IST"
U1Scb28vt,SHIPPED,EIHR,"6 Mar, 2024 11:29:30 AM IST","6 Mar, 2024 2:00:00 PM IST",ATS_AIR,ATS_AIR,xyz181,hill station 181,Between 7th And 8th Street,,city 181,state 181,700099,IN,7003035090,No,₹100.00 ,SKU0001,B0ZFGJJF8T181,Product 181,1,,2.05933E+11,"7 Mar, 2024 11:20:55 AM IST"
UVx7998tt,SHIPPED,EIHR,"6 Mar, 2024 11:36:47 AM IST","6 Mar, 2024 2:00:00 PM IST",ATS_STANDARD,ATS_STANDARD,xyz182,hill station 182,Near marigold circle,,city 182,state 182,380058,IN,9998592829,No,₹100.00 ,SKU0001,B0ZFGJJF8T182,Product 182,1,,3.40084E+11,"7 Mar, 2024 9:48:31 AM IST"
UcC9yx8rt,SHIPPED,EIHR,"6 Mar, 2024 11:45:09 AM IST","6 Mar, 2024 2:00:00 PM IST",ATS_STANDARD,ATS_STANDARD,xyz183,hill station 183,THIRUMULLAIVAYAL,,city 183,state 183,600062,IN,9444620616,No,₹100.00 ,SKU0001,B0ZFGJJF8T183,Product 183,1,,3.40084E+11,"7 Mar, 2024 9:48:33 AM IST"
Uc7FD68wt,SHIPPED,EIHR,"6 Mar, 2024 1:32:36 PM IST","7 Mar, 2024 2:00:00 PM IST",ATS_STANDARD,ATS_STANDARD,xyz184,hill station 184,Rajendra prasad home tatisilway,,city 184,state 184,835103,IN,8825114035,No,₹100.00 ,SKU0001,B0ZFGJJF8T184,Product 184,1,,3.40101E+11,"7 Mar, 2024 9:48:31 AM IST"
UCGjzr8ht,SHIPPED,EIHR,"6 Mar, 2024 1:46:54 PM IST","7 Mar, 2024 2:00:00 PM IST",ATS_STANDARD,ATS_STANDARD,xyz185,hill station 185,buxidih road,,city 185,state 185,815301,IN,9430765224,No,₹100.00 ,SKU0001,B0ZFGJJF8T185,Product 185,1,,3.40101E+11,"7 Mar, 2024 9:48:32 AM IST"
UXLFrV8wt,SHIPPED,EIHR,"6 Mar, 2024 3:30:24 PM IST","7 Mar, 2024 2:00:00 PM IST",ATS_STANDARD,ATS_STANDARD,xyz186,hill station 186,"Pipal wali gali, krishan pura",,city 186,state 186,132103,IN,8053388088,No,₹100.00 ,SKU0001,B0ZFGJJF8T186,Product 186,1,,3.40101E+11,"7 Mar, 2024 9:48:32 AM IST"
UXjL7q89t,SHIPPED,EIHR,"6 Mar, 2024 3:47:07 PM IST","7 Mar, 2024 2:00:00 PM IST",ATS_STANDARD,ATS_STANDARD,xyz187,hill station 187,"Azad nagar,bhilwara",,city 187,state 187,311001,IN,7568748007,No,₹100.00 ,SKU0001,B0ZFGJJF8T187,Product 187,1,,3.40101E+11,"7 Mar, 2024 9:48:31 AM IST"
UGnPJk86t,SHIPPED,EIHR,"6 Mar, 2024 4:32:37 PM IST","7 Mar, 2024 2:00:00 PM IST",ATS_STANDARD,ATS_STANDARD,xyz188,hill station 188,"Harihar Singh Road, Morabadi",,city 188,state 188,834008,IN,7909076395,No,₹100.00 ,SKU0001,B0ZFGJJF8T188,Product 188,1,,3.40101E+11,"7 Mar, 2024 9:48:32 AM IST"
UCk2J888t,SHIPPED,EIHR,"6 Mar, 2024 4:43:49 PM IST","7 Mar, 2024 2:00:00 PM IST",ATS_STANDARD,ATS_STANDARD,xyz189,hill station 189,Digari kalla keshar colony jodhpur,,city 189,state 189,342015,IN,7424976029,No,₹100.00 ,SKU0001,B0ZFGJJF8T189,Product 189,1,,3.40101E+11,"7 Mar, 2024 9:48:31 AM IST"
U3YYTR8Mt,SHIPPED,EIHR,"6 Mar, 2024 5:17:25 PM IST","7 Mar, 2024 2:00:00 PM IST",ATS_AFTERNOON,ATS_AFTERNOON,xyz190,hill station 190,VYOMPRASTHA  GMS DEHRADUN,,city 190,state 190,248001,IN,9412940711,No,₹100.00 ,SKU0001,B0ZFGJJF8T190,Product 190,1,,1.59785E+11,"7 Mar, 2024 11:20:55 AM IST"
UNrdPz8nt,SHIPPED,EIHR,"6 Mar, 2024 6:03:03 PM IST","7 Mar, 2024 2:00:00 PM IST",ATS_STANDARD,ATS_STANDARD,xyz191,hill station 191,"Gauntiapada, sarbhai",,city 191,state 191,768201,IN,9682550276,No,₹100.00 ,SKU0001,B0ZFGJJF8T191,Product 191,1,,3.40101E+11,"7 Mar, 2024 9:48:31 AM IST"
U3vM6m8xt,SHIPPED,EIHR,"6 Mar, 2024 7:25:43 PM IST","7 Mar, 2024 2:00:00 PM IST",ATS_STANDARD,ATS_STANDARD,xyz192,hill station 192,Jp road,,city 192,state 192,534202,IN,9600207703,No,₹100.00 ,SKU0001,B0ZFGJJF8T192,Product 192,1,,3.40101E+11,"7 Mar, 2024 9:48:32 AM IST"
Uw8ClK8St,SHIPPED,EIHR,"6 Mar, 2024 7:38:24 PM IST","7 Mar, 2024 2:00:00 PM IST",ATS_STANDARD,ATS_STANDARD,xyz193,hill station 193,Udasar Gate,,city 193,state 193,334001,IN,9479397947,No,₹100.00 ,SKU0001,B0ZFGJJF8T193,Product 193,1,,3.40101E+11,"7 Mar, 2024 9:48:32 AM IST"
U6j7Wp8Nt,SHIPPED,EIHR,"6 Mar, 2024 8:00:27 PM IST","7 Mar, 2024 2:00:00 PM IST",ATS_STANDARD,ATS_STANDARD,xyz194,hill station 194,Panathur Dinne,,city 194,state 194,560087,IN,9902065578,No,₹100.00 ,SKU0001,B0ZFGJJF8T194,Product 194,1,,3.40101E+11,"7 Mar, 2024 9:48:30 AM IST"
UNNslx8dt,SHIPPED,EIHR,"6 Mar, 2024 8:20:34 PM IST","7 Mar, 2024 2:00:00 PM IST",ATS_STANDARD,ATS_STANDARD,xyz195,hill station 195,"Plot 45, Sector 56",,city 195,state 195,122011,IN,9871494433,No,₹100.00 ,SKU0001,B0ZFGJJF8T195,Product 195,1,,3.40101E+11,"7 Mar, 2024 9:48:31 AM IST"
U14pCq8Jt,SHIPPED,EIHR,"6 Mar, 2024 8:45:53 PM IST","7 Mar, 2024 2:00:00 PM IST",ATS_STANDARD,ATS_STANDARD,xyz196,hill station 196,"at- OLD RAUSAPATNA, PO - BUXI BAZAR",,city 196,state 196,753001,IN,9348254235,No,₹100.00 ,SKU0001,B0ZFGJJF8T196,Product 196,1,,3.40101E+11,"7 Mar, 2024 9:48:33 AM IST"
UJvDpM8Ct,SHIPPED,EIHR,"6 Mar, 2024 8:46:17 PM IST","7 Mar, 2024 2:00:00 PM IST",ATS_STANDARD,ATS_STANDARD,xyz197,hill station 197,Khali Sahat near joshiyana pull,,city 197,state 197,229001,IN,9415954548,No,₹100.00 ,SKU0001,B0ZFGJJF8T197,Product 197,1,,3.40101E+11,"7 Mar, 2024 9:48:31 AM IST"
Ugm8Cj8rt,SHIPPED,EIHR,"6 Mar, 2024 8:56:21 PM IST","7 Mar, 2024 2:00:00 PM IST",ATS_STANDARD,ATS_STANDARD,xyz198,hill station 198,Nh 10,,city 198,state 198,737134,IN,8768649614,No,₹100.00 ,SKU0001,B0ZFGJJF8T198,Product 198,1,,3.40101E+11,"7 Mar, 2024 9:48:31 AM IST"
U6RggV88t,SHIPPED,EIHR,"6 Mar, 2024 9:23:40 PM IST","7 Mar, 2024 2:00:00 PM IST",ATS_AFTERNOON,ATS_AFTERNOON,xyz199,hill station 199,Tripuri Town,,city 199,state 199,147001,IN,9914803695,No,₹100.00 ,SKU0001,B0ZFGJJF8T199,Product 199,1,,1.59785E+11,"7 Mar, 2024 11:20:55 AM IST"
UVxpqW8jt,SHIPPED,EIHR,"6 Mar, 2024 9:56:26 PM IST","7 Mar, 2024 2:00:00 PM IST",ATS_AIR,ATS_AIR,xyz200,hill station 200,"RV Post, Near MEDSOL Hospital",,city 200,state 200,560059,IN,9036743615,No,₹100.00 ,SKU0001,B0ZFGJJF8T200,Product 200,1,,2.05934E+11,"7 Mar, 2024 11:20:55 AM IST"
Unw8fW8Tt,SHIPPED,EIHR,"6 Mar, 2024 10:15:44 PM IST","7 Mar, 2024 2:00:00 PM IST",ATS_STANDARD,ATS_STANDARD,xyz201,hill station 201,"Sastha Avenue, Vengaivasal",,city 201,state 201,600100,IN,9840297267,No,₹100.00 ,SKU0001,B0ZFGJJF8T201,Product 201,1,,3.40101E+11,"7 Mar, 2024 9:48:31 AM IST"
U3LQkvDLt,SHIPPED,EIHR,"6 Mar, 2024 11:37:16 PM IST","7 Mar, 2024 2:00:00 PM IST",ATS_STANDARD,ATS_STANDARD,xyz202,hill station 202,,,city 202,state 202,140301,IN,7031701001,No,₹100.00 ,SKU0001,B0ZFGJJF8T202,Product 202,1,,3.40101E+11,"7 Mar, 2024 9:48:32 AM IST"
Uw2v3MDLt,SHIPPED,EIHR,"7 Mar, 2024 7:06:54 AM IST","7 Mar, 2024 2:00:00 PM IST",ATS_STANDARD,ATS_STANDARD,xyz203,hill station 203,"Street No.-3, Sadatpur Ext., karawal nagar",,city 203,state 203,110094,IN,9911335871,No,₹100.00 ,SKU0001,B0ZFGJJF8T203,Product 203,1,,3.40101E+11,"7 Mar, 2024 9:48:32 AM IST"
UNrXdpDKt,SHIPPED,EIHR,"7 Mar, 2024 11:46:14 AM IST","7 Mar, 2024 2:00:00 PM IST",ATS_STANDARD,ATS_STANDARD,xyz204,hill station 204,Mangal mandir,,city 204,state 204,370201,IN,9727744038,No,₹100.00 ,SKU0001,B0ZFGJJF8T204,Product 204,1,,3.40103E+11,"7 Mar, 2024 9:48:33 AM IST"
U3CLS8Dht,SHIPPED,EIHR,"7 Mar, 2024 12:05:29 PM IST","8 Mar, 2024 2:00:00 PM IST",ATS_STANDARD,ATS_STANDARD,xyz205,hill station 205,Baragada canal road,,city 205,state 205,751018,IN,8144667968,No,₹100.00 ,SKU0001,B0ZFGJJF8T205,Product 205,1,,3.4012E+11,"8 Mar, 2024 11:33:59 AM IST"
UJDydFDlt,SHIPPED,EIHR,"7 Mar, 2024 12:52:57 PM IST","8 Mar, 2024 2:00:00 PM IST",ATS_STANDARD,ATS_STANDARD,xyz206,hill station 206,Bharwain Road,,city 206,state 206,146001,IN,9814296646,No,₹100.00 ,SKU0001,B0ZFGJJF8T206,Product 206,1,,3.4012E+11,"8 Mar, 2024 11:33:59 AM IST"
U1PslVDXt,SHIPPED,EIHR,"7 Mar, 2024 1:04:39 PM IST","8 Mar, 2024 2:00:00 PM IST",ATS_STANDARD,ATS_STANDARD,xyz207,hill station 207,"Radha Krishna Chowk, Gali 6, Wazirabad",,city 207,state 207,110084,IN,7011673990,No,₹100.00 ,SKU0001,B0ZFGJJF8T207,Product 207,1,,3.4012E+11,"8 Mar, 2024 11:33:59 AM IST"
UV5qlCDht,SHIPPED,EIHR,"7 Mar, 2024 11:31:22 AM IST","8 Mar, 2024 2:00:00 PM IST",ATS_AFTERNOON,ATS_AFTERNOON,xyz208,hill station 208,"K-904, Sector 26, Pratap Nagar,Jaipur",,city 208,state 208,302033,IN,9599565640,No,₹100.00 ,SKU0001,B0ZFGJJF8T208,Product 208,1,,1.59789E+11,"8 Mar, 2024 11:33:59 AM IST"
U1gDCVDGt,SHIPPED,EIHR,"7 Mar, 2024 1:55:05 PM IST","8 Mar, 2024 2:00:00 PM IST",ATS_STANDARD,ATS_STANDARD,xyz209,hill station 209,"Varkala, Kappil near SNEP hall, sreeragam",,city 209,state 209,695311,IN,7736187658,No,₹100.00 ,SKU0001,B0ZFGJJF8T209,Product 209,1,,3.4012E+11,"8 Mar, 2024 11:33:59 AM IST"
U3N5gTD0t,SHIPPED,EIHR,"7 Mar, 2024 3:42:07 PM IST","8 Mar, 2024 2:00:00 PM IST",IPS_ATS_EXP,IPS_ATS_EXP,xyz210,hill station 210,"Vasant valley,khadakpada marg",,city 210,state 210,421301,IN,9373226000,No,₹100.00 ,SKU0001,B0ZFGJJF8T210,Product 210,1,,AW532920936IN,"8 Mar, 2024 11:33:59 AM IST"
Un2VZHDXt,SHIPPED,EIHR,"7 Mar, 2024 4:20:34 PM IST","8 Mar, 2024 2:00:00 PM IST",ATS_AFTERNOON,ATS_AFTERNOON,xyz211,hill station 211,Vikram Batra Gate,,city 211,state 211,151001,IN,9547490612,No,₹100.00 ,SKU0001,B0ZFGJJF8T211,Product 211,1,,1.59789E+11,"8 Mar, 2024 11:33:59 AM IST"
U1cBNH7Wt,SHIPPED,EIHR,"7 Mar, 2024 5:44:11 PM IST","9 Mar, 2024 2:00:00 PM IST",ATS_STANDARD,ATS_STANDARD,xyz212,hill station 212,Tambaram Sanatorium,,city 212,state 212,600047,IN,9894609408,No,₹100.00 ,SKU0001,B0ZFGJJF8T212,Product 212,1,,3.40137E+11,"9 Mar, 2024 9:57:56 AM IST"
UCQ1bM73t,SHIPPED,EIHR,"7 Mar, 2024 6:16:34 PM IST","9 Mar, 2024 2:00:00 PM IST",ATS_AIR,ATS_AIR,xyz213,hill station 213,"Adarsh Nagar, Serilingampally",,city 213,state 213,500019,IN,9948994312,No,₹100.00 ,SKU0001,B0ZFGJJF8T213,Product 213,1,,2.05936E+11,"9 Mar, 2024 9:59:17 AM IST"
UgfGYQ7Mt,SHIPPED,EIHR,"7 Mar, 2024 7:48:51 PM IST","9 Mar, 2024 2:00:00 PM IST",ATS_STANDARD,ATS_STANDARD,xyz214,hill station 214,Malviya Nagar,,city 214,state 214,110017,IN,9560105257,No,₹100.00 ,SKU0001,B0ZFGJJF8T214,Product 214,1,,3.40137E+11,"9 Mar, 2024 9:57:57 AM IST"
UnJfvp70t,SHIPPED,EIHR,"7 Mar, 2024 9:30:33 PM IST","9 Mar, 2024 2:00:00 PM IST",ATS_STANDARD,ATS_STANDARD,xyz215,hill station 215,448-451,,city 215,state 215,122015,IN,8059727957,No,₹100.00 ,SKU0001,B0ZFGJJF8T215,Product 215,1,,3.40137E+11,"9 Mar, 2024 9:57:56 AM IST"
UwDZQL7jt,SHIPPED,EIHR,"7 Mar, 2024 9:32:39 PM IST","9 Mar, 2024 2:00:00 PM IST",ATS_AFTERNOON,ATS_AFTERNOON,xyz216,hill station 216,Model Town,,city 216,state 216,141002,IN,9545289306,No,₹100.00 ,SKU0001,B0ZFGJJF8T216,Product 216,1,,1.59793E+11,"9 Mar, 2024 10:00:44 AM IST"
UJYc7K7mt,SHIPPED,EIHR,"7 Mar, 2024 9:51:32 PM IST","9 Mar, 2024 2:00:00 PM IST",ATS_STANDARD,ATS_STANDARD,xyz217,hill station 217,"T.b toli, bhandarkar road",,city 217,state 217,441614,IN,7620822828,No,₹100.00 ,SKU0001,B0ZFGJJF8T217,Product 217,1,,3.40137E+11,"9 Mar, 2024 9:57:56 AM IST"
UgQ8LS70t,SHIPPED,EIHR,"7 Mar, 2024 10:54:29 PM IST","9 Mar, 2024 2:00:00 PM IST",ATS_STANDARD,ATS_STANDARD,xyz218,hill station 218,Gali no 1,,city 218,state 218,474001,IN,9981108996,No,₹100.00 ,SKU0001,B0ZFGJJF8T218,Product 218,1,,3.40137E+11,"9 Mar, 2024 9:57:56 AM IST"
UCghJt71t,SHIPPED,EIHR,"7 Mar, 2024 11:37:05 PM IST","9 Mar, 2024 2:00:00 PM IST",ATS_AIR,ATS_AIR,xyz219,hill station 219,Bhandup west Mumbai,,city 219,state 219,400078,IN,9892939029,No,₹100.00 ,SKU0001,B0ZFGJJF8T219,Product 219,1,,2.05936E+11,"9 Mar, 2024 9:59:17 AM IST"
Uw6fPc7Rt,SHIPPED,EIHR,"8 Mar, 2024 12:39:34 AM IST","9 Mar, 2024 2:00:00 PM IST",ATS_STANDARD,ATS_STANDARD,xyz220,hill station 220,Kalvar road Kardhani Jothwara,,city 220,state 220,302012,IN,9664394808,No,₹100.00 ,SKU0001,B0ZFGJJF8T220,Product 220,1,,3.40137E+11,"9 Mar, 2024 9:57:56 AM IST"
UgdZ6T70t,SHIPPED,EIHR,"8 Mar, 2024 1:40:36 AM IST","9 Mar, 2024 2:00:00 PM IST",ATS_STANDARD,ATS_STANDARD,xyz221,hill station 221,Near Kothi bazar colony,,city 221,state 221,461001,IN,7987525587,No,₹100.00 ,SKU0001,B0ZFGJJF8T221,Product 221,1,,3.40137E+11,"9 Mar, 2024 9:57:57 AM IST"
UchMdM7nt,SHIPPED,EIHR,"8 Mar, 2024 1:42:56 AM IST","9 Mar, 2024 2:00:00 PM IST",ATS_STANDARD,ATS_STANDARD,xyz222,hill station 222,chandrayangutta,,city 222,state 222,500053,IN,7036198020,No,₹100.00 ,SKU0001,B0ZFGJJF8T222,Product 222,1,,3.40137E+11,"9 Mar, 2024 9:57:56 AM IST"
U16xSs7gt,SHIPPED,EIHR,"8 Mar, 2024 2:26:21 AM IST","9 Mar, 2024 2:00:00 PM IST",ATS_STANDARD,ATS_STANDARD,xyz223,hill station 223,"Jai Krishna Nagar,behind police line takli",,city 223,state 223,440013,IN,7387060124,No,₹100.00 ,SKU0001,B0ZFGJJF8T223,Product 223,1,,3.40137E+11,"9 Mar, 2024 9:57:57 AM IST"
U3JZhq7Pt,SHIPPED,EIHR,"8 Mar, 2024 9:39:12 AM IST","9 Mar, 2024 2:00:00 PM IST",ATS_STANDARD,ATS_STANDARD,xyz224,hill station 224,"Madhu bazzar,Tambaku patti",,city 224,state 224,833201,IN,8285662224,No,₹100.00 ,SKU0001,B0ZFGJJF8T224,Product 224,1,,3.40137E+11,"9 Mar, 2024 9:57:56 AM IST"
U1bsR11zt,SHIPPED,EIHR,"8 Mar, 2024 9:42:57 AM IST","9 Mar, 2024 2:00:00 PM IST",ATS_AIR,ATS_AIR,xyz225,hill station 225,Nizampet,,city 225,state 225,500090,IN,9652323123,No,₹100.00 ,SKU0001,B0ZFGJJF8T225,Product 225,1,,2.05936E+11,"9 Mar, 2024 9:59:17 AM IST"
U3fwNn1Pt,SHIPPED,EIHR,"8 Mar, 2024 10:45:37 AM IST","9 Mar, 2024 2:00:00 PM IST",ECX_SF_INJ_COD,ECX_SF_INJ_COD,xyz226,hill station 226,Dillai 10 Miles Dimapur Road Karbi Anglong Assam,,city 226,state 226,782461,IN,9101493576,No,₹100.00 ,SKU0001,B0ZFGJJF8T226,Product 226,1,,453291069,"9 Mar, 2024 9:58:43 AM IST"
UCmp4F1pt,SHIPPED,EIHR,"8 Mar, 2024 12:30:26 PM IST","9 Mar, 2024 2:00:00 PM IST",ATS_STANDARD,ATS_STANDARD,xyz227,hill station 227,Near Flat House Ashok Vijay (Deoli) Tonk Rajasthan,,city 227,state 227,304804,IN,7850923392,No,₹100.00 ,SKU0001,B0ZFGJJF8T227,Product 227,1,,3.40137E+11,"9 Mar, 2024 9:57:56 AM IST"
UVCsyq1Vt,SHIPPED,EIHR,"8 Mar, 2024 2:12:28 PM IST","9 Mar, 2024 2:00:00 PM IST",ATS_STANDARD,ATS_STANDARD,xyz228,hill station 228,Nimbalkar ki goth,,city 228,state 228,474001,IN,7073821429,No,₹100.00 ,SKU0001,B0ZFGJJF8T228,Product 228,1,,3.40137E+11,"9 Mar, 2024 9:57:57 AM IST"
UG19Y41xt,SHIPPED,EIHR,"8 Mar, 2024 2:15:34 PM IST","9 Mar, 2024 2:00:00 PM IST",ATS_STANDARD,ATS_STANDARD,xyz229,hill station 229,"Calangute, Bardez",,city 229,state 229,403516,IN,7767917177,No,₹100.00 ,SKU0001,B0ZFGJJF8T229,Product 229,1,,3.40137E+11,"9 Mar, 2024 9:57:56 AM IST"
U6842s1st,SHIPPED,EIHR,"8 Mar, 2024 2:44:46 PM IST","9 Mar, 2024 2:00:00 PM IST",ATS_AIR,ATS_AIR,xyz230,hill station 230,"Avas vikas colony , Agra",,city 230,state 230,282007,IN,8340397873,No,₹100.00 ,SKU0001,B0ZFGJJF8T230,Product 230,1,,2.05936E+11,"9 Mar, 2024 9:59:17 AM IST"
U6DdsD1St,SHIPPED,EIHR,"8 Mar, 2024 4:51:48 PM IST","9 Mar, 2024 2:00:00 PM IST",ATS_STANDARD,ATS_STANDARD,xyz231,hill station 231,,,city 231,state 231,413105,IN,8605336073,No,₹100.00 ,SKU0001,B0ZFGJJF8T231,Product 231,1,,3.40137E+11,"9 Mar, 2024 9:57:56 AM IST"
UN6gJg1yt,SHIPPED,EIHR,"8 Mar, 2024 6:00:57 PM IST","11 Mar, 2024 2:00:00 PM IST",IPS_ATS_EXP,IPS_ATS_EXP,xyz232,hill station 232,CHERPULASSERI.PO,,city 232,state 232,679503,IN,9495395860,No,₹100.00 ,SKU0001,B0ZFGJJF8T232,Product 232,1,,AW533151917IN,"11 Mar, 2024 10:46:48 AM IST"
UGcGMS1bt,SHIPPED,EIHR,"8 Mar, 2024 6:24:54 PM IST","11 Mar, 2024 2:00:00 PM IST",ATS_STANDARD,ATS_STANDARD,xyz233,hill station 233,Vishweshwaranagar,,city 233,state 233,570008,IN,8088609650,No,₹100.00 ,SKU0001,B0ZFGJJF8T233,Product 233,1,,3.40176E+11,"11 Mar, 2024 10:46:48 AM IST"
UwG6xS1Ct,SHIPPED,EIHR,"8 Mar, 2024 6:51:09 PM IST","11 Mar, 2024 2:00:00 PM IST",ATS_STANDARD,ATS_STANDARD,xyz234,hill station 234,"NCN EAST APT, RS PALYA",,city 234,state 234,560033,IN,,No,₹100.00 ,SKU0001,B0ZFGJJF8T234,Product 234,1,,3.40176E+11,"11 Mar, 2024 10:46:48 AM IST"
UJKpxF1Gt,SHIPPED,EIHR,"8 Mar, 2024 7:10:01 PM IST","11 Mar, 2024 2:00:00 PM IST",ATS_STANDARD,ATS_STANDARD,xyz235,hill station 235,Sonanagar,,city 235,state 235,414003,IN,8080529591,No,₹100.00 ,SKU0001,B0ZFGJJF8T235,Product 235,1,,3.40176E+11,"11 Mar, 2024 10:46:48 AM IST"
UXhVmP1kt,SHIPPED,EIHR,"8 Mar, 2024 9:46:19 PM IST","11 Mar, 2024 2:00:00 PM IST",ATS_STANDARD,ATS_STANDARD,xyz236,hill station 236,Ward -11,,city 236,state 236,843316,IN,9199411277,No,₹100.00 ,SKU0001,B0ZFGJJF8T236,Product 236,1,,3.40176E+11,"11 Mar, 2024 10:46:48 AM IST"
U18JX71bt,SHIPPED,EIHR,"8 Mar, 2024 11:08:06 PM IST","11 Mar, 2024 2:00:00 PM IST",ATS_AFTERNOON,ATS_AFTERNOON,xyz237,hill station 237,"Sardarpura, opp. Niki tiles, near Gandhi maidan",,city 237,state 237,342003,IN,9829027273,No,₹100.00 ,SKU0001,B0ZFGJJF8T237,Product 237,1,,1.59802E+11,"11 Mar, 2024 10:46:48 AM IST"
UNSygQ1Ht,SHIPPED,EIHR,"9 Mar, 2024 12:07:13 AM IST","11 Mar, 2024 2:00:00 PM IST",ATS_STANDARD,ATS_STANDARD,xyz238,hill station 238,Vtcolovny,,city 238,state 238,508211,IN,9701314699,No,₹100.00 ,SKU0001,B0ZFGJJF8T238,Product 238,1,,3.40176E+11,"11 Mar, 2024 10:46:48 AM IST"
UXl54Xjbt,SHIPPED,EIHR,"9 Mar, 2024 2:33:08 AM IST","11 Mar, 2024 2:00:00 PM IST",ATS_STANDARD,ATS_STANDARD,xyz239,hill station 239,,,city 239,state 239,247001,IN,9897780638,No,₹100.00 ,SKU0001,B0ZFGJJF8T239,Product 239,1,,3.40176E+11,"11 Mar, 2024 10:46:48 AM IST"
UwVwvsjKt,SHIPPED,EIHR,"9 Mar, 2024 9:56:16 AM IST","11 Mar, 2024 2:00:00 PM IST",ATS_AIR,ATS_AIR,xyz240,hill station 240,"Marriyappa Layout,Chellekere",,city 240,state 240,560043,IN,9901352740,No,₹100.00 ,SKU0001,B0ZFGJJF8T240,Product 240,1,,2.05939E+11,"11 Mar, 2024 10:46:48 AM IST"
UgcHVDjgt,SHIPPED,EIHR,"9 Mar, 2024 9:57:57 AM IST","11 Mar, 2024 2:00:00 PM IST",ATS_AIR,ATS_AIR,xyz241,hill station 241,Nagashettihalli,,city 241,state 241,560094,IN,9902341798,No,₹100.00 ,SKU0001,B0ZFGJJF8T241,Product 241,1,,2.05939E+11,"11 Mar, 2024 10:46:48 AM IST"
UV54zRjQt,SHIPPED,EIHR,"9 Mar, 2024 10:03:50 AM IST","11 Mar, 2024 2:00:00 PM IST",ATS_STANDARD,ATS_STANDARD,xyz242,hill station 242,Kudri,,city 242,state 242,484001,IN,8878511179,No,₹100.00 ,SKU0001,B0ZFGJJF8T242,Product 242,1,,3.40176E+11,"11 Mar, 2024 10:46:48 AM IST"
UXp8cTjrt,SHIPPED,EIHR,"9 Mar, 2024 10:06:31 AM IST","11 Mar, 2024 2:00:00 PM IST",ATS_STANDARD,ATS_STANDARD,xyz243,hill station 243,subbaiah thota,,city 243,state 243,522616,IN,9848829684,No,₹100.00 ,SKU0001,B0ZFGJJF8T243,Product 243,1,,3.40176E+11,"11 Mar, 2024 10:46:48 AM IST"
U60yQTj9t,SHIPPED,EIHR,"9 Mar, 2024 10:52:41 AM IST","11 Mar, 2024 2:00:00 PM IST",ATS_AFTERNOON,ATS_AFTERNOON,xyz244,hill station 244,KALADHUNGI ROAD,,city 244,state 244,263139,IN,9412034502,No,₹100.00 ,SKU0001,B0ZFGJJF8T244,Product 244,1,,1.59802E+11,"11 Mar, 2024 10:46:48 AM IST"
UX8ncmjKt,SHIPPED,EIHR,"9 Mar, 2024 11:12:37 AM IST","11 Mar, 2024 2:00:00 PM IST",ATS_STANDARD,ATS_STANDARD,xyz245,hill station 245,"Swarnarag, Sisirkunja, Jessore Road, Madhyamgram",,city 245,state 245,700129,IN,8114744868,No,₹100.00 ,SKU0001,B0ZFGJJF8T245,Product 245,1,,3.40176E+11,"11 Mar, 2024 10:46:48 AM IST"
UJJ2L8jbt,SHIPPED,EIHR,"9 Mar, 2024 12:14:43 PM IST","11 Mar, 2024 2:00:00 PM IST",ATS_STANDARD,ATS_STANDARD,xyz246,hill station 246,"New Jankipuri, Uttam Nagar",,city 246,state 246,110059,IN,7701848776,No,₹100.00 ,SKU0001,B0ZFGJJF8T246,Product 246,1,,3.40176E+11,"11 Mar, 2024 10:46:48 AM IST"
UGJr3QjNt,SHIPPED,EIHR,"9 Mar, 2024 12:54:34 PM IST","11 Mar, 2024 2:00:00 PM IST",ATS_STANDARD,ATS_STANDARD,xyz247,hill station 247,Chelakulam poochakuzhi,,city 247,state 247,683556,IN,8907123497,No,₹100.00 ,SKU0001,B0ZFGJJF8T247,Product 247,1,,3.40176E+11,"11 Mar, 2024 10:46:48 AM IST"
Unxw39jBt,SHIPPED,EIHR,"9 Mar, 2024 1:39:51 PM IST","11 Mar, 2024 2:00:00 PM IST",ATS_STANDARD,ATS_STANDARD,xyz248,hill station 248,Water WORKS Road .Puri-2,,city 248,state 248,752002,IN,9776239762,No,₹100.00 ,SKU0001,B0ZFGJJF8T248,Product 248,1,,3.40176E+11,"11 Mar, 2024 10:46:48 AM IST"
U1LcJGjQt,SHIPPED,EIHR,"9 Mar, 2024 2:56:01 PM IST","11 Mar, 2024 2:00:00 PM IST",ATS_STANDARD,ATS_STANDARD,xyz249,hill station 249,Road no 1 bigharpur,,city 249,state 249,800001,IN,7780059406,No,₹100.00 ,SKU0001,B0ZFGJJF8T249,Product 249,1,,3.40176E+11,"11 Mar, 2024 10:46:48 AM IST"
Un35lxjVt,SHIPPED,EIHR,"9 Mar, 2024 4:39:32 PM IST","11 Mar, 2024 2:00:00 PM IST",ATS_STANDARD,ATS_STANDARD,xyz250,hill station 250,Court complex fatehabad chamber no 145,,city 250,state 250,125050,IN,9017291007,No,₹100.00 ,SKU0001,B0ZFGJJF8T250,Product 250,1,,3.40176E+11,"11 Mar, 2024 10:46:48 AM IST"
UVwcKJjYt,SHIPPED,EIHR,"9 Mar, 2024 5:07:57 PM IST","11 Mar, 2024 2:00:00 PM IST",ATS_AFTERNOON,ATS_AFTERNOON,xyz251,hill station 251,"South City, Raibareilly Road",,city 251,state 251,226025,IN,9721864970,No,₹100.00 ,SKU0001,B0ZFGJJF8T251,Product 251,1,,1.59802E+11,"11 Mar, 2024 10:46:48 AM IST"
UVjjbKmkt,SHIPPED,EIHR,"9 Mar, 2024 10:25:39 PM IST","11 Mar, 2024 2:00:00 PM IST",ATS_STANDARD,ATS_STANDARD,xyz252,hill station 252,VADAVALLI,,city 252,state 252,641041,IN,9597725250,No,₹100.00 ,SKU0001,B0ZFGJJF8T252,Product 252,1,,3.40176E+11,"11 Mar, 2024 10:46:48 AM IST"
UV9dBzm1t,SHIPPED,EIHR,"9 Mar, 2024 11:20:04 PM IST","11 Mar, 2024 2:00:00 PM IST",ATS_STANDARD,ATS_STANDARD,xyz253,hill station 253,Sector 6 huda,,city 253,state 253,132103,IN,9306361830,No,₹100.00 ,SKU0001,B0ZFGJJF8T253,Product 253,1,,3.40176E+11,"11 Mar, 2024 10:46:48 AM IST"
UJ57Dkmst,SHIPPED,EIHR,"10 Mar, 2024 12:01:17 AM IST","11 Mar, 2024 2:00:00 PM IST",ATS_STANDARD,ATS_STANDARD,xyz254,hill station 254,Vijaynagar 3rd Stage G- block,,city 254,state 254,570017,IN,8553846402,No,₹100.00 ,SKU0001,B0ZFGJJF8T254,Product 254,1,,3.40176E+11,"11 Mar, 2024 10:46:48 AM IST"
UVB42QmMt,SHIPPED,EIHR,"10 Mar, 2024 12:28:27 AM IST","11 Mar, 2024 2:00:00 PM IST",ATS_STANDARD,ATS_STANDARD,xyz255,hill station 255,,,city 255,state 255,233300,IN,7084791138,No,₹100.00 ,SKU0001,B0ZFGJJF8T255,Product 255,1,,3.40176E+11,"11 Mar, 2024 10:46:48 AM IST"
U1kyvYm1t,SHIPPED,EIHR,"10 Mar, 2024 1:08:41 AM IST","11 Mar, 2024 2:00:00 PM IST",ATS_AFTERNOON,ATS_AFTERNOON,xyz256,hill station 256,,,city 256,state 256,248001,IN,9012391513,No,₹100.00 ,SKU0001,B0ZFGJJF8T256,Product 256,1,,1.59802E+11,"11 Mar, 2024 10:46:48 AM IST"
UXmrvymlt,SHIPPED,EIHR,"10 Mar, 2024 1:22:51 AM IST","11 Mar, 2024 2:00:00 PM IST",ATS_AIR,ATS_AIR,xyz257,hill station 257,Palava City,,city 257,state 257,421204,IN,7744945234,No,₹100.00 ,SKU0001,B0ZFGJJF8T257,Product 257,1,,2.05939E+11,"11 Mar, 2024 10:46:48 AM IST"
U6cznHmdt,SHIPPED,EIHR,"10 Mar, 2024 7:36:34 AM IST","11 Mar, 2024 2:00:00 PM IST",ATS_AIR,ATS_AIR,xyz258,hill station 258,Akshaya Nagar TC Palya Main Road Ramamurthy Nagar,,city 258,state 258,560016,IN,9901092402,No,₹100.00 ,SKU0001,B0ZFGJJF8T258,Product 258,1,,2.05939E+11,"11 Mar, 2024 10:46:48 AM IST"
UNMBTnmgt,SHIPPED,EIHR,"10 Mar, 2024 8:19:59 AM IST","11 Mar, 2024 2:00:00 PM IST",ATS_STANDARD,ATS_STANDARD,xyz259,hill station 259,Bethamangala,,city 259,state 259,563116,IN,7975658985,No,₹100.00 ,SKU0001,B0ZFGJJF8T259,Product 259,1,,3.40176E+11,"11 Mar, 2024 10:46:48 AM IST"
UwPQ0Cmtt,SHIPPED,EIHR,"9 Mar, 2024 6:21:50 PM IST","11 Mar, 2024 2:00:00 PM IST",ATS_STANDARD,ATS_STANDARD,xyz260,hill station 260,Sunny bazar road,,city 260,state 260,201309,IN,8368496561,No,₹100.00 ,SKU0001,B0ZFGJJF8T260,Product 260,2,,3.40176E+11,"11 Mar, 2024 10:46:48 AM IST"
U3kRmvm3t,SHIPPED,EIHR,"10 Mar, 2024 1:32:22 PM IST","11 Mar, 2024 2:00:00 PM IST",ATS_STANDARD,ATS_STANDARD,xyz261,hill station 261,"Lane no. 1,  Aam Bag, IDPL Colony",,city 261,state 261,249202,IN,7300680711,No,₹100.00 ,SKU0001,B0ZFGJJF8T261,Product 261,1,,3.40176E+11,"11 Mar, 2024 10:46:48 AM IST"
UVXTpbmGt,SHIPPED,EIHR,"10 Mar, 2024 1:34:10 PM IST","11 Mar, 2024 2:00:00 PM IST",ATS_STANDARD,ATS_STANDARD,xyz262,hill station 262,,,city 262,state 262,636007,IN,8310408272,No,₹100.00 ,SKU0001,B0ZFGJJF8T262,Product 262,1,,3.40176E+11,"11 Mar, 2024 10:46:48 AM IST"
UnlkZLmqt,SHIPPED,EIHR,"10 Mar, 2024 3:20:08 PM IST","11 Mar, 2024 2:00:00 PM IST",ATS_STANDARD,ATS_STANDARD,xyz263,hill station 263,"Perumal Naidu Street, Muthialpet",,city 263,state 263,605003,IN,9443284384,No,₹100.00 ,SKU0001,B0ZFGJJF8T263,Product 263,3,,3.40176E+11,"11 Mar, 2024 10:46:48 AM IST"
UGLZ3hkBt,SHIPPED,EIHR,"10 Mar, 2024 10:11:58 PM IST","12 Mar, 2024 2:00:00 PM IST",ATS_STANDARD,ATS_STANDARD,xyz264,hill station 264,Argada road near ccl hospital naisarai,,city 264,state 264,829122,IN,7004031578,No,₹100.00 ,SKU0001,B0ZFGJJF8T264,Product 264,1,,3.40198E+11,"12 Mar, 2024 11:13:36 AM IST"
UXqGnckBt,SHIPPED,EIHR,"10 Mar, 2024 10:35:29 PM IST","12 Mar, 2024 2:00:00 PM IST",ATS_STANDARD,ATS_STANDARD,xyz265,hill station 265,Sector 3 - Shivanand Nagar,,city 265,state 265,492008,IN,7049672800,No,₹100.00 ,SKU0001,B0ZFGJJF8T265,Product 265,1,,3.40198E+11,"12 Mar, 2024 11:13:36 AM IST"
Ug6W3kkjt,SHIPPED,EIHR,"10 Mar, 2024 10:41:27 PM IST","12 Mar, 2024 2:00:00 PM IST",ATS_AIR,ATS_AIR,xyz266,hill station 266,"Beside RS Tailors, Garebhavi Palya, Hosur Road",,city 266,state 266,560068,IN,9999856105,No,₹100.00 ,SKU0001,B0ZFGJJF8T266,Product 266,1,,2.0594E+11,"12 Mar, 2024 11:13:36 AM IST"
UGvMt1k5t,SHIPPED,EIHR,"10 Mar, 2024 11:28:54 PM IST","12 Mar, 2024 2:00:00 PM IST",ECX_SF_INJ_COD,ECX_SF_INJ_COD,xyz267,hill station 267,Garh ke pichhe,,city 267,state 267,311805,IN,9116579123,No,₹100.00 ,SKU0001,B0ZFGJJF8T267,Product 267,1,,453332752,"12 Mar, 2024 11:13:36 AM IST"
UXTMBz3Zt,SHIPPED,EIHR,"11 Mar, 2024 7:45:52 AM IST","12 Mar, 2024 2:00:00 PM IST",ATS_STANDARD,ATS_STANDARD,xyz268,hill station 268,Deivanai nagar,,city 268,state 268,636004,IN,9952506989,No,₹100.00 ,SKU0001,B0ZFGJJF8T268,Product 268,1,,3.40198E+11,"12 Mar, 2024 11:13:36 AM IST"
UgwRYh3ct,SHIPPED,EIHR,"11 Mar, 2024 10:12:07 AM IST","12 Mar, 2024 2:00:00 PM IST",ATS_STANDARD,ATS_STANDARD,xyz269,hill station 269,Green garden gokul road,,city 269,state 269,580030,IN,8147316354,No,₹100.00 ,SKU0001,B0ZFGJJF8T269,Product 269,1,,3.40198E+11,"12 Mar, 2024 11:13:36 AM IST"
UVxJQ53xt,SHIPPED,EIHR,"11 Mar, 2024 1:01:03 PM IST","12 Mar, 2024 2:00:00 PM IST",ATS_AIR,ATS_AIR,xyz270,hill station 270,"Vakola Pipeline, Santacruz  (E).",,city 270,state 270,400055,IN,9819935172,No,₹100.00 ,SKU0001,B0ZFGJJF8T270,Product 270,1,,2.0594E+11,"12 Mar, 2024 11:13:36 AM IST"
UXfw1d39t,SHIPPED,EIHR,"11 Mar, 2024 2:20:42 PM IST","12 Mar, 2024 2:00:00 PM IST",ATS_STANDARD,ATS_STANDARD,xyz271,hill station 271,Bhadana chowk Faridabad,,city 271,state 271,121005,IN,8882459354,No,₹100.00 ,SKU0001,B0ZFGJJF8T271,Product 271,1,,3.40198E+11,"12 Mar, 2024 11:13:36 AM IST"
UCVDMt3Pt,SHIPPED,EIHR,"11 Mar, 2024 2:58:28 PM IST","12 Mar, 2024 2:00:00 PM IST",ATS_AIR,ATS_AIR,xyz272,hill station 272,Kompally,,city 272,state 272,500100,IN,8341008466,No,₹100.00 ,SKU0001,B0ZFGJJF8T272,Product 272,1,,2.0594E+11,"12 Mar, 2024 11:13:36 AM IST"
UVbjPB3yt,SHIPPED,EIHR,"11 Mar, 2024 3:47:39 PM IST","12 Mar, 2024 2:00:00 PM IST",ATS_AIR,ATS_AIR,xyz273,hill station 273,BONKODE VILLAGE,,city 273,state 273,400709,IN,7021118028,No,₹100.00 ,SKU0001,B0ZFGJJF8T273,Product 273,1,,2.0594E+11,"12 Mar, 2024 11:13:36 AM IST"
UCd2PH3Qt,SHIPPED,EIHR,"11 Mar, 2024 4:10:17 PM IST","12 Mar, 2024 2:00:00 PM IST",ATS_STANDARD,ATS_STANDARD,xyz274,hill station 274,"New Bharth Nager, Uppal",,city 274,state 274,500039,IN,9701492311,No,₹100.00 ,SKU0001,B0ZFGJJF8T274,Product 274,1,,3.40198E+11,"12 Mar, 2024 11:13:36 AM IST"
U3g6Tz3vt,SHIPPED,EIHR,"11 Mar, 2024 4:25:27 PM IST","12 Mar, 2024 2:00:00 PM IST",ATS_STANDARD,ATS_STANDARD,xyz275,hill station 275,"Street no 11 , sri rama nagar, kondapur,",,city 275,state 275,500084,IN,9704908379,No,₹100.00 ,SKU0001,B0ZFGJJF8T275,Product 275,1,,3.40198E+11,"12 Mar, 2024 11:13:36 AM IST"
UnMZdS3Ht,SHIPPED,EIHR,"11 Mar, 2024 4:30:22 PM IST","12 Mar, 2024 2:00:00 PM IST",ATS_STANDARD,ATS_STANDARD,xyz276,hill station 276,Maurya enclave Pitampura,,city 276,state 276,110034,IN,9911259818,No,₹100.00 ,SKU0001,B0ZFGJJF8T276,Product 276,2,,3.40198E+11,"12 Mar, 2024 11:13:36 AM IST"
UCwbmd3Gt,SHIPPED,EIHR,"11 Mar, 2024 5:54:37 PM IST","13 Mar, 2024 2:00:00 PM IST",ATS_STANDARD,ATS_STANDARD,xyz277,hill station 277,Srinagar colony,,city 277,state 277,515001,IN,9703592904,No,₹100.00 ,SKU0001,B0ZFGJJF8T277,Product 277,1,,3.40216E+11,"13 Mar, 2024 11:26:52 AM IST"
UGSY5f37t,SHIPPED,EIHR,"11 Mar, 2024 8:01:26 PM IST","13 Mar, 2024 2:00:00 PM IST",ATS_AIR,ATS_AIR,xyz278,hill station 278,Madhu nagar,,city 278,state 278,282001,IN,9897321177,No,₹100.00 ,SKU0001,B0ZFGJJF8T278,Product 278,1,,2.05942E+11,"13 Mar, 2024 11:26:52 AM IST"
UwzQZs3ct,SHIPPED,EIHR,"11 Mar, 2024 8:06:48 PM IST","13 Mar, 2024 2:00:00 PM IST",ATS_STANDARD,ATS_STANDARD,xyz279,hill station 279,,,city 279,state 279,110064,IN,9818446144,No,₹100.00 ,SKU0001,B0ZFGJJF8T279,Product 279,1,,3.40216E+11,"13 Mar, 2024 11:26:52 AM IST"
UnYMj63Qt,SHIPPED,EIHR,"11 Mar, 2024 8:40:58 PM IST","13 Mar, 2024 2:00:00 PM IST",ATS_AIR,ATS_AIR,xyz280,hill station 280,Sunder Nagar Colony,,city 280,state 280,500038,IN,9848503434,No,₹100.00 ,SKU0001,B0ZFGJJF8T280,Product 280,1,,2.05942E+11,"13 Mar, 2024 11:26:52 AM IST"
UG2948FNt,SHIPPED,EIHR,"11 Mar, 2024 10:20:19 PM IST","13 Mar, 2024 2:00:00 PM IST",ATS_STANDARD,ATS_STANDARD,xyz281,hill station 281,M3M Woodshire,,city 281,state 281,122018,IN,7042855678,No,₹100.00 ,SKU0001,B0ZFGJJF8T281,Product 281,1,,3.40216E+11,"13 Mar, 2024 11:26:52 AM IST"
Uw6HlrFpt,SHIPPED,EIHR,"12 Mar, 2024 5:58:50 AM IST","13 Mar, 2024 2:00:00 PM IST",ATS_STANDARD,ATS_STANDARD,xyz282,hill station 282,Lake Road,,city 282,state 282,700029,IN,9903108550,No,₹100.00 ,SKU0001,B0ZFGJJF8T282,Product 282,1,,3.40216E+11,"13 Mar, 2024 11:26:52 AM IST"
UGK8Z3Fht,SHIPPED,EIHR,"12 Mar, 2024 11:37:08 AM IST","13 Mar, 2024 2:00:00 PM IST",ATS_STANDARD,ATS_STANDARD,xyz283,hill station 283,Sector 132,,city 283,state 283,201301,IN,9311902009,No,₹100.00 ,SKU0001,B0ZFGJJF8T283,Product 283,2,,3.40216E+11,"13 Mar, 2024 11:26:52 AM IST"
U1wc9SyPt,SHIPPED,EIHR,"12 Mar, 2024 2:34:45 PM IST","13 Mar, 2024 2:00:00 PM IST",ATS_AIR,ATS_AIR,xyz284,hill station 284,"M J Colony, Street # 2",,city 284,state 284,500040,IN,9030093789,No,₹100.00 ,SKU0001,B0ZFGJJF8T284,Product 284,1,,2.05942E+11,"13 Mar, 2024 11:26:52 AM IST"
UGZ3FqyYt,SHIPPED,EIHR,"12 Mar, 2024 4:31:08 PM IST","13 Mar, 2024 2:00:00 PM IST",ATS_AFTERNOON,ATS_AFTERNOON,xyz285,hill station 285,"Kartarpura RIICO, Industrial Area, Bais Godam",,city 285,state 285,302006,IN,9079428584,No,₹100.00 ,SKU0001,B0ZFGJJF8T285,Product 285,1,,1.59811E+11,"13 Mar, 2024 11:26:52 AM IST"
U3rMQnyqt,SHIPPED,EIHR,"12 Mar, 2024 5:28:30 PM IST","14 Mar, 2024 2:00:00 PM IST",ATS_STANDARD,ATS_STANDARD,xyz286,hill station 286,"K R Extension, Tiptur",,city 286,state 286,572201,IN,9164596636,No,₹100.00 ,SKU0001,B0ZFGJJF8T286,Product 286,1,,3.40237E+11,"14 Mar, 2024 11:01:16 AM IST"
U6qp71y5t,SHIPPED,EIHR,"12 Mar, 2024 6:58:21 PM IST","14 Mar, 2024 2:00:00 PM IST",ATS_AIR,ATS_AIR,xyz287,hill station 287,"Narsingi Heights, Gandipet Mandal",,city 287,state 287,500089,IN,9550940124,No,₹100.00 ,SKU0001,B0ZFGJJF8T287,Product 287,1,,2.05943E+11,"14 Mar, 2024 11:01:16 AM IST"
UJDyS4yKt,SHIPPED,EIHR,"12 Mar, 2024 9:58:26 PM IST","14 Mar, 2024 2:00:00 PM IST",ATS_STANDARD,ATS_STANDARD,xyz288,hill station 288,Local Audit Office (L.A.O) Near Gate No. 2,,city 288,state 288,713420,IN,9939912610,No,₹100.00 ,SKU0001,B0ZFGJJF8T288,Product 288,1,,3.40237E+11,"14 Mar, 2024 11:01:16 AM IST"
UNFd64yXt,SHIPPED,EIHR,"12 Mar, 2024 10:01:16 PM IST","14 Mar, 2024 2:00:00 PM IST",ATS_AIR,ATS_AIR,xyz289,hill station 289,Akshaya Nagar TC Palya Main Road Ramamurthy Nagar,,city 289,state 289,560016,IN,9901092402,No,₹100.00 ,SKU0001,B0ZFGJJF8T289,Product 289,1,,2.05943E+11,"14 Mar, 2024 11:01:16 AM IST"
UwPW8qyQt,SHIPPED,EIHR,"13 Mar, 2024 12:03:00 AM IST","14 Mar, 2024 2:00:00 PM IST",ATS_AIR,ATS_AIR,xyz290,hill station 290,"Siri Nilyam,Rambagh, attapur,rajendra nagar",,city 290,state 290,500048,IN,8019194567,No,₹100.00 ,SKU0001,B0ZFGJJF8T290,Product 290,1,,2.05943E+11,"14 Mar, 2024 11:01:16 AM IST"
U101Lf4Yt,SHIPPED,EIHR,"13 Mar, 2024 8:59:36 AM IST","14 Mar, 2024 2:00:00 PM IST",ATS_AIR,ATS_AIR,xyz291,hill station 291,opp Sharda School,,city 291,state 291,560092,IN,9945280781,No,₹100.00 ,SKU0001,B0ZFGJJF8T291,Product 291,1,,2.05943E+11,"14 Mar, 2024 11:01:16 AM IST"
U1gtrs4wt,SHIPPED,EIHR,"13 Mar, 2024 10:11:54 AM IST","14 Mar, 2024 2:00:00 PM IST",ATS_STANDARD,ATS_STANDARD,xyz292,hill station 292,Sasni Gate,,city 292,state 292,202001,IN,6396629838,No,₹100.00 ,SKU0001,B0ZFGJJF8T292,Product 292,1,,3.40237E+11,"14 Mar, 2024 11:01:16 AM IST"
UCcpt04bt,SHIPPED,EIHR,"13 Mar, 2024 1:45:21 PM IST","14 Mar, 2024 2:00:00 PM IST",ATS_AIR,ATS_AIR,xyz293,hill station 293,Alamsguda,,city 293,state 293,500058,IN,9959655516,No,₹100.00 ,SKU0001,B0ZFGJJF8T293,Product 293,1,,2.05943E+11,"14 Mar, 2024 11:01:16 AM IST"
U16tdh4Gt,SHIPPED,EIHR,"13 Mar, 2024 2:22:12 PM IST","14 Mar, 2024 2:00:00 PM IST",ATS_STANDARD,ATS_STANDARD,xyz294,hill station 294,"Bakkannapalem, Madhurawada",,city 294,state 294,530048,IN,9393774320,No,₹100.00 ,SKU0001,B0ZFGJJF8T294,Product 294,1,,3.40237E+11,"14 Mar, 2024 11:01:16 AM IST"
U3y8pX4st,SHIPPED,EIHR,"13 Mar, 2024 3:59:51 PM IST","14 Mar, 2024 2:00:00 PM IST",ATS_STANDARD,ATS_STANDARD,xyz295,hill station 295,,,city 295,state 295,760002,IN,9437323500,No,₹100.00 ,SKU0001,B0ZFGJJF8T295,Product 295,1,,3.40237E+11,"14 Mar, 2024 11:01:16 AM IST"
UNF45n4bt,SHIPPED,EIHR,"13 Mar, 2024 5:26:03 PM IST","15 Mar, 2024 2:00:00 PM IST",ATS_STANDARD,ATS_STANDARD,xyz296,hill station 296,Panipat Refinery Township,,city 296,state 296,132140,IN,9729454297,No,₹100.00 ,SKU0001,B0ZFGJJF8T296,Product 296,1,,3.40258E+11,"15 Mar, 2024 9:42:26 AM IST"
UwwZ8F4St,SHIPPED,EIHR,"13 Mar, 2024 5:32:55 PM IST","15 Mar, 2024 2:00:00 PM IST",ATS_STANDARD,ATS_STANDARD,xyz297,hill station 297,"Kudwa naka, Tiroda road",,city 297,state 297,441614,IN,8999565907,No,₹100.00 ,SKU0001,B0ZFGJJF8T297,Product 297,2,,3.40258E+11,"15 Mar, 2024 9:42:26 AM IST"
UXn6bkNbt,SHIPPED,EIHR,"13 Mar, 2024 7:48:09 PM IST","15 Mar, 2024 2:00:00 PM IST",ATS_STANDARD,ATS_STANDARD,xyz298,hill station 298,NEAR NIZAMPET PANCHYATHI OFFICE,,city 298,state 298,500090,IN,7702295052,No,₹100.00 ,SKU0001,B0ZFGJJF8T298,Product 298,1,,3.40258E+11,"15 Mar, 2024 9:42:26 AM IST"
UgsFFwNQt,SHIPPED,EIHR,"13 Mar, 2024 9:17:12 PM IST","15 Mar, 2024 2:00:00 PM IST",ATS_AFTERNOON,ATS_AFTERNOON,xyz299,hill station 299,mohali,,city 299,state 299,140301,IN,9357311122,No,₹100.00 ,SKU0001,B0ZFGJJF8T299,Product 299,1,,1.5982E+11,"15 Mar, 2024 9:44:50 AM IST"
U6Th2nNTt,SHIPPED,EIHR,"13 Mar, 2024 10:21:53 PM IST","15 Mar, 2024 2:00:00 PM IST",ATS_AIR,ATS_AIR,xyz300,hill station 300,"3RD CROSS, P&T COLONY",,city 300,state 300,560032,IN,9446076081,No,₹100.00 ,SKU0001,B0ZFGJJF8T300,Product 300,1,,2.05944E+11,"15 Mar, 2024 9:44:03 AM IST"
U64NVMNdt,SHIPPED,EIHR,"13 Mar, 2024 10:54:03 PM IST","15 Mar, 2024 2:00:00 PM IST",ATS_AFTERNOON,ATS_AFTERNOON,xyz301,hill station 301,Near Govindam Tower Kardhani behind Lord Radha Krishna Templ,,city 301,state 301,302012,IN,8233479432,No,₹100.00 ,SKU0001,B0ZFGJJF8T301,Product 301,1,,1.5982E+11,"15 Mar, 2024 9:44:50 AM IST"
U1f2vYN4t,SHIPPED,EIHR,"13 Mar, 2024 10:56:54 PM IST","15 Mar, 2024 2:00:00 PM IST",ATS_STANDARD,ATS_STANDARD,xyz302,hill station 302,Madanayakanahalli,,city 302,state 302,562123,IN,9535955402,No,₹100.00 ,SKU0001,B0ZFGJJF8T302,Product 302,1,,3.40258E+11,"15 Mar, 2024 9:42:25 AM IST"
U1KNQsNxt,SHIPPED,EIHR,"13 Mar, 2024 11:38:10 PM IST","15 Mar, 2024 2:00:00 PM IST",ATS_STANDARD,ATS_STANDARD,xyz303,hill station 303,"Opp vidyodaya school road, Perala",,city 303,state 303,523157,IN,7013466271,No,₹100.00 ,SKU0001,B0ZFGJJF8T303,Product 303,1,,3.40258E+11,"15 Mar, 2024 9:42:26 AM IST"
UJsp7JNBt,SHIPPED,EIHR,"14 Mar, 2024 12:17:56 AM IST","15 Mar, 2024 2:00:00 PM IST",ATS_STANDARD,ATS_STANDARD,xyz304,hill station 304,Kwakeithel lamdong,,city 304,state 304,795001,IN,9863104528,No,₹100.00 ,SKU0001,B0ZFGJJF8T304,Product 304,1,,3.40258E+11,"15 Mar, 2024 9:42:25 AM IST"
U6Cd1XNCt,SHIPPED,EIHR,"14 Mar, 2024 1:09:40 AM IST","15 Mar, 2024 2:00:00 PM IST",ATS_STANDARD,ATS_STANDARD,xyz305,hill station 305,"At - Kushapalla, Post Begunia, District Khurda",,city 305,state 305,752062,IN,8886322667,No,₹100.00 ,SKU0001,B0ZFGJJF8T305,Product 305,1,,3.40258E+11,"15 Mar, 2024 9:42:27 AM IST"
UCnXmnNvt,SHIPPED,EIHR,"14 Mar, 2024 3:12:29 AM IST","15 Mar, 2024 2:00:00 PM IST",ATS_AIR,ATS_AIR,xyz306,hill station 306,"10th Cross Phase 2, Electronic City Phase 2",,city 306,state 306,560100,IN,7899290068,No,₹100.00 ,SKU0001,B0ZFGJJF8T306,Product 306,1,,2.05944E+11,"15 Mar, 2024 9:44:02 AM IST"
U1VBYX57t,SHIPPED,EIHR,"14 Mar, 2024 12:21:03 PM IST","15 Mar, 2024 2:00:00 PM IST",ATS_STANDARD,ATS_STANDARD,xyz307,hill station 307,"Road No. 7, West Layout, Sonari",,city 307,state 307,831011,IN,9234502866,No,₹100.00 ,SKU0001,B0ZFGJJF8T307,Product 307,1,,3.40258E+11,"15 Mar, 2024 9:42:27 AM IST"
Un3GY65bt,SHIPPED,EIHR,"14 Mar, 2024 12:48:19 PM IST","15 Mar, 2024 2:00:00 PM IST",ATS_STANDARD,ATS_STANDARD,xyz308,hill station 308,"Avantika Road,pocket b 5, rohini, sector 4",,city 308,state 308,110085,IN,8376099668,No,₹100.00 ,SKU0001,B0ZFGJJF8T308,Product 308,1,,3.40258E+11,"15 Mar, 2024 9:42:25 AM IST"
UgkM2p5mt,SHIPPED,EIHR,"14 Mar, 2024 1:34:46 PM IST","15 Mar, 2024 2:00:00 PM IST",ATS_AIR,ATS_AIR,xyz309,hill station 309,JP Nagar 8th Phase,,city 309,state 309,560076,IN,9886092791,No,₹100.00 ,SKU0001,B0ZFGJJF8T309,Product 309,1,,2.05944E+11,"15 Mar, 2024 9:44:03 AM IST"
U3p52n5dt,SHIPPED,EIHR,"14 Mar, 2024 1:56:23 PM IST","15 Mar, 2024 2:00:00 PM IST",ATS_STANDARD,ATS_STANDARD,xyz310,hill station 310,TEH &DISTT. ROPAR,,city 310,state 310,140108,IN,7696739619,No,₹100.00 ,SKU0001,B0ZFGJJF8T310,Product 310,1,,3.40258E+11,"15 Mar, 2024 9:42:25 AM IST"
UgkYcr50t,SHIPPED,EIHR,"14 Mar, 2024 2:19:48 PM IST","15 Mar, 2024 2:00:00 PM IST",ATS_STANDARD,ATS_STANDARD,xyz311,hill station 311,"Noble Enclave, Sector 22",,city 311,state 311,122016,IN,7404509505,No,₹100.00 ,SKU0001,B0ZFGJJF8T311,Product 311,1,,3.40258E+11,"15 Mar, 2024 9:42:26 AM IST"
UGKFrG5rt,SHIPPED,EIHR,"14 Mar, 2024 3:43:23 PM IST","15 Mar, 2024 2:00:00 PM IST",ATS_STANDARD,ATS_STANDARD,xyz312,hill station 312,Dhalpur,,city 312,state 312,175101,IN,9736414907,No,₹100.00 ,SKU0001,B0ZFGJJF8T312,Product 312,1,,3.40258E+11,"15 Mar, 2024 9:42:26 AM IST"
U3H9JH5qt,SHIPPED,EIHR,"14 Mar, 2024 4:31:14 PM IST","15 Mar, 2024 2:00:00 PM IST",ATS_AIR,ATS_AIR,xyz313,hill station 313,"7th Cross Road, Brindavan Layout,LBS Nagar",,city 313,state 313,560017,IN,8722611700,No,₹100.00 ,SKU0001,B0ZFGJJF8T313,Product 313,1,,2.05944E+11,"15 Mar, 2024 9:44:02 AM IST"
UgfWTF5tt,SHIPPED,EIHR,"14 Mar, 2024 5:10:24 PM IST","15 Mar, 2024 2:00:00 PM IST",ATS_STANDARD,ATS_STANDARD,xyz314,hill station 314,Kandoli,,city 314,state 314,248007,IN,9311137041,No,₹100.00 ,SKU0001,B0ZFGJJF8T314,Product 314,1,,3.40258E+11,"15 Mar, 2024 9:42:26 AM IST"
UC1l6l5yt,SHIPPED,EIHR,"14 Mar, 2024 7:06:45 PM IST","15 Mar, 2024 2:00:00 PM IST",ATS_AFTERNOON,ATS_AFTERNOON,xyz315,hill station 315,,,city 315,state 315,110085,IN,9811162418,No,₹100.00 ,SKU0001,B0ZFGJJF8T315,Product 315,2,,1.5982E+11,"15 Mar, 2024 9:44:50 AM IST"
UcnVS75nt,SHIPPED,EIHR,"14 Mar, 2024 7:10:56 PM IST","15 Mar, 2024 2:00:00 PM IST",ATS_AFTERNOON,ATS_AFTERNOON,xyz316,hill station 316,"Yamuna Colony , Chakrata road",,city 316,state 316,248001,IN,8395091207,No,₹100.00 ,SKU0001,B0ZFGJJF8T316,Product 316,1,,1.5982E+11,"15 Mar, 2024 9:44:50 AM IST"
U3J80r5dt,SHIPPED,EIHR,"14 Mar, 2024 7:14:26 PM IST","15 Mar, 2024 2:00:00 PM IST",ATS_STANDARD,ATS_STANDARD,xyz317,hill station 317,"New balaji Nagar, behind new R.T.C.bustand",,city 317,state 317,524101,IN,8919330907,No,₹100.00 ,SKU0001,B0ZFGJJF8T317,Product 317,1,,3.40258E+11,"15 Mar, 2024 9:42:25 AM IST"
UVgTl75Gt,SHIPPED,EIHR,"14 Mar, 2024 7:50:31 PM IST","15 Mar, 2024 2:00:00 PM IST",ATS_STANDARD,ATS_STANDARD,xyz318,hill station 318,"LANE BESIDE SBI BRANCH, LEFT SIDE 4TH HOUSE,",,city 318,state 318,700055,IN,9038328573,No,₹100.00 ,SKU0001,B0ZFGJJF8T318,Product 318,1,,3.40258E+11,"15 Mar, 2024 9:42:27 AM IST"
UGb6Sq5Wt,SHIPPED,EIHR,"14 Mar, 2024 8:10:02 PM IST","15 Mar, 2024 2:00:00 PM IST",ATS_STANDARD,ATS_STANDARD,xyz319,hill station 319,Vishnupuri ext church road aliganj,,city 319,state 319,226024,IN,9415016298,No,₹100.00 ,SKU0001,B0ZFGJJF8T319,Product 319,1,,3.40258E+11,"15 Mar, 2024 9:42:25 AM IST"
U6Ql8f5lt,SHIPPED,EIHR,"14 Mar, 2024 9:04:20 PM IST","15 Mar, 2024 2:00:00 PM IST",ATS_STANDARD,ATS_STANDARD,xyz320,hill station 320,Jayanagara 18  block madikeri,,city 320,state 320,571201,IN,8217695700,No,₹100.00 ,SKU0001,B0ZFGJJF8T320,Product 320,1,,3.40258E+11,"15 Mar, 2024 9:42:26 AM IST"
UJ2b5s5mt,SHIPPED,EIHR,"14 Mar, 2024 9:42:08 PM IST","15 Mar, 2024 2:00:00 PM IST",ATS_STANDARD,ATS_STANDARD,xyz321,hill station 321,Madhuban Colony,,city 321,state 321,110092,IN,9953845281,No,₹100.00 ,SKU0001,B0ZFGJJF8T321,Product 321,1,,3.40258E+11,"15 Mar, 2024 9:42:25 AM IST"
UcKH8B50t,SHIPPED,EIHR,"14 Mar, 2024 9:51:42 PM IST","15 Mar, 2024 2:00:00 PM IST",ATS_STANDARD,ATS_STANDARD,xyz322,hill station 322,police colony near raniground,,city 322,state 322,171009,IN,9816002696,No,₹100.00 ,SKU0001,B0ZFGJJF8T322,Product 322,1,,3.40258E+11,"15 Mar, 2024 9:42:25 AM IST"
U1KptKSnt,SHIPPED,EIHR,"14 Mar, 2024 9:42:50 PM IST","15 Mar, 2024 2:00:00 PM IST",ATS_STANDARD,ATS_STANDARD,xyz323,hill station 323,"Mulankunnathukavu, Medical College P.O.",,city 323,state 323,680596,IN,9645663026,No,₹100.00 ,SKU0001,B0ZFGJJF8T323,Product 323,1,,3.40258E+11,"15 Mar, 2024 9:42:26 AM IST"
U1mq6BSdt,SHIPPED,EIHR,"15 Mar, 2024 4:59:41 AM IST","15 Mar, 2024 2:00:00 PM IST",ATS_STANDARD,ATS_STANDARD,xyz324,hill station 324,Jawahar colony,,city 324,state 324,121005,IN,8826902167,No,₹100.00 ,SKU0001,B0ZFGJJF8T324,Product 324,1,,3.40258E+11,"15 Mar, 2024 9:42:25 AM IST"
U1BjSnSdt,SHIPPED,EIHR,"15 Mar, 2024 6:45:45 AM IST","15 Mar, 2024 2:00:00 PM IST",ATS_STANDARD,ATS_STANDARD,xyz325,hill station 325,,,city 325,state 325,751019,IN,8249046928,No,₹100.00 ,SKU0001,B0ZFGJJF8T325,Product 325,1,,3.40258E+11,"15 Mar, 2024 9:42:26 AM IST"
UGM8CwStt,SHIPPED,EIHR,"15 Mar, 2024 7:48:04 AM IST","15 Mar, 2024 2:00:00 PM IST",ATS_STANDARD,ATS_STANDARD,xyz326,hill station 326,Tankapani Road,,city 326,state 326,751018,IN,8895157517,No,₹100.00 ,SKU0001,B0ZFGJJF8T326,Product 326,1,,3.40258E+11,"15 Mar, 2024 9:42:25 AM IST"
UNzlXpSvt,SHIPPED,EIHR,"15 Mar, 2024 9:34:21 AM IST","15 Mar, 2024 2:00:00 PM IST",ATS_AIR,ATS_AIR,xyz327,hill station 327,Chaitanya Anaya road,,city 327,state 327,560067,IN,9844281510,No,₹100.00 ,SKU0001,B0ZFGJJF8T327,Product 327,1,,2.05944E+11,"15 Mar, 2024 9:44:02 AM IST"
UgYv5kSdt,SHIPPED,EIHR,"15 Mar, 2024 10:04:14 AM IST","15 Mar, 2024 2:00:00 PM IST",ATS_AIR,ATS_AIR,xyz328,hill station 328,Belathur,,city 328,state 328,560067,IN,9840112832,No,₹100.00 ,SKU0001,B0ZFGJJF8T328,Product 328,1,,2.05944E+11,"15 Mar, 2024 9:44:04 AM IST"
UwYR56SSt,SHIPPED,EIHR,"15 Mar, 2024 10:04:40 AM IST","15 Mar, 2024 2:00:00 PM IST",ATS_AIR,ATS_AIR,xyz329,hill station 329,"17th E Street,  Eashwaralayout,  Indiranagar",,city 329,state 329,560038,IN,9036460799,No,₹100.00 ,SKU0001,B0ZFGJJF8T329,Product 329,1,,2.05944E+11,"15 Mar, 2024 9:44:02 AM IST"
UN2JqvSdt,SHIPPED,EIHR,"15 Mar, 2024 12:04:28 PM IST","16 Mar, 2024 2:00:00 PM IST",ATS_STANDARD,ATS_STANDARD,xyz330,hill station 330,New siddhapudur,,city 330,state 330,641044,IN,7373533178,No,₹100.00 ,SKU0001,B0ZFGJJF8T330,Product 330,1,,3.40278E+11,"16 Mar, 2024 12:00:39 PM IST"
UgWwf9SLt,SHIPPED,EIHR,"15 Mar, 2024 12:07:50 PM IST","16 Mar, 2024 2:00:00 PM IST",ATS_STANDARD,ATS_STANDARD,xyz331,hill station 331,Pallikaranai,,city 331,state 331,600100,IN,8939960911,No,₹100.00 ,SKU0001,B0ZFGJJF8T331,Product 331,1,,3.40278E+11,"16 Mar, 2024 12:00:39 PM IST"
UGgZNsvnt,SHIPPED,EIHR,"15 Mar, 2024 12:42:32 PM IST","16 Mar, 2024 2:00:00 PM IST",ATS_AIR,ATS_AIR,xyz332,hill station 332,"Pada No.2, Indira Nagar, Wagle Estate",,city 332,state 332,400604,IN,9137889795,No,₹100.00 ,SKU0001,B0ZFGJJF8T332,Product 332,1,,2.05946E+11,"16 Mar, 2024 12:00:39 PM IST"
UN12RtvFt,SHIPPED,EIHR,"15 Mar, 2024 12:47:42 PM IST","16 Mar, 2024 2:00:00 PM IST",ATS_STANDARD,ATS_STANDARD,xyz333,hill station 333,Mankar Layout Behind Ram Mandir,,city 333,state 333,585102,IN,8095143035,No,₹100.00 ,SKU0001,B0ZFGJJF8T333,Product 333,1,,3.40278E+11,"16 Mar, 2024 12:00:39 PM IST"
UXDMbWv6t,SHIPPED,EIHR,"15 Mar, 2024 1:51:13 PM IST","16 Mar, 2024 2:00:00 PM IST",ATS_STANDARD,ATS_STANDARD,xyz334,hill station 334,"ragavendra colony, chinmayanagar, virugambakkam.",,city 334,state 334,600092,IN,8122316122,No,₹100.00 ,SKU0001,B0ZFGJJF8T334,Product 334,1,,3.40278E+11,"16 Mar, 2024 12:00:39 PM IST"
UJSykxvkt,SHIPPED,EIHR,"15 Mar, 2024 2:04:08 PM IST","16 Mar, 2024 2:00:00 PM IST",ATS_STANDARD,ATS_STANDARD,xyz335,hill station 335,Bidhannagar,,city 335,state 335,721101,IN,9434385521,No,₹100.00 ,SKU0001,B0ZFGJJF8T335,Product 335,1,,3.40278E+11,"16 Mar, 2024 12:00:39 PM IST"
UX4rHSvht,SHIPPED,EIHR,"15 Mar, 2024 2:34:46 PM IST","16 Mar, 2024 2:00:00 PM IST",ATS_STANDARD,ATS_STANDARD,xyz336,hill station 336,Moti nagar,,city 336,state 336,141010,IN,8198000275,No,₹100.00 ,SKU0001,B0ZFGJJF8T336,Product 336,1,,3.40278E+11,"16 Mar, 2024 12:00:39 PM IST"
UgS5Yfvrt,SHIPPED,EIHR,"15 Mar, 2024 4:14:16 PM IST","16 Mar, 2024 2:00:00 PM IST",ATS_STANDARD,ATS_STANDARD,xyz337,hill station 337,"penjerla road,kothur",,city 337,state 337,509228,IN,9948953557,No,₹100.00 ,SKU0001,B0ZFGJJF8T337,Product 337,1,,3.40278E+11,"16 Mar, 2024 12:00:39 PM IST"
UwvCFGvnt,SHIPPED,EIHR,"15 Mar, 2024 4:25:02 PM IST","16 Mar, 2024 2:00:00 PM IST",ATS_STANDARD,ATS_STANDARD,xyz338,hill station 338,Vill. Nandanpur P.O Nandanpur,,city 338,state 338,733124,IN,7364930830,No,₹100.00 ,SKU0001,B0ZFGJJF8T338,Product 338,1,,3.40278E+11,"16 Mar, 2024 12:00:39 PM IST"
Uwz0rYvgt,SHIPPED,EIHR,"15 Mar, 2024 7:20:03 PM IST","16 Mar, 2024 2:00:00 PM IST",ATS_STANDARD,ATS_STANDARD,xyz339,hill station 339,sector 21,,city 339,state 339,134116,IN,9815497686,No,₹100.00 ,SKU0001,B0ZFGJJF8T339,Product 339,1,,3.40278E+11,"16 Mar, 2024 12:00:39 PM IST"
Ug3CPXvMt,SHIPPED,EIHR,"15 Mar, 2024 9:25:24 PM IST","16 Mar, 2024 2:00:00 PM IST",ATS_AFTERNOON,ATS_AFTERNOON,xyz340,hill station 340,"Jamalpur, near karam hospital",,city 340,state 340,141010,IN,9779881171,No,₹100.00 ,SKU0001,B0ZFGJJF8T340,Product 340,1,,1.59824E+11,"16 Mar, 2024 12:00:39 PM IST"
Undwdzvgt,SHIPPED,EIHR,"15 Mar, 2024 9:40:12 PM IST","16 Mar, 2024 2:00:00 PM IST",ATS_STANDARD,ATS_STANDARD,xyz341,hill station 341,"Upper Wayil, teli mohallah gutlibagh road",,city 341,state 341,191201,IN,7889418634,No,₹100.00 ,SKU0001,B0ZFGJJF8T341,Product 341,1,,3.40278E+11,"16 Mar, 2024 12:00:39 PM IST"
UcJflvvtt,SHIPPED,EIHR,"15 Mar, 2024 10:29:51 PM IST","16 Mar, 2024 2:00:00 PM IST",ATS_STANDARD,ATS_STANDARD,xyz342,hill station 342,"Sector 64, Ballabgarh",,city 342,state 342,121004,IN,9810464373,No,₹100.00 ,SKU0001,B0ZFGJJF8T342,Product 342,1,,3.40278E+11,"16 Mar, 2024 12:00:39 PM IST"
UnLFb1Xpt,SHIPPED,EIHR,"16 Mar, 2024 5:14:28 AM IST","16 Mar, 2024 2:00:00 PM IST",ATS_STANDARD,ATS_STANDARD,xyz343,hill station 343,Teransport nagar sambhal road,,city 343,state 343,244001,IN,8630287554,No,₹100.00 ,SKU0001,B0ZFGJJF8T343,Product 343,2,,3.40278E+11,"16 Mar, 2024 12:00:39 PM IST"
UXqYwxXkt,SHIPPED,EIHR,"16 Mar, 2024 9:05:53 AM IST","16 Mar, 2024 2:00:00 PM IST",ATS_AFTERNOON,ATS_AFTERNOON,xyz344,hill station 344,Najafgad,,city 344,state 344,110043,IN,8287051625,No,₹100.00 ,SKU0001,B0ZFGJJF8T344,Product 344,1,,1.59824E+11,"16 Mar, 2024 12:00:39 PM IST"
UwbQDtXJt,SHIPPED,EIHR,"16 Mar, 2024 10:40:58 AM IST","16 Mar, 2024 2:00:00 PM IST",ATS_STANDARD,ATS_STANDARD,xyz345,hill station 345,"Old GT Road, bus stand",,city 345,state 345,132001,IN,8130062711,No,₹100.00 ,SKU0001,B0ZFGJJF8T345,Product 345,1,,3.40278E+11,"16 Mar, 2024 12:00:39 PM IST"
UXlkDSXnt,SHIPPED,EIHR,"16 Mar, 2024 10:49:54 AM IST","16 Mar, 2024 2:00:00 PM IST",ATS_AFTERNOON,ATS_AFTERNOON,xyz346,hill station 346,Shastri Nagar,,city 346,state 346,201002,IN,9891756529,No,₹100.00 ,SKU0001,B0ZFGJJF8T346,Product 346,1,,1.59824E+11,"16 Mar, 2024 12:00:39 PM IST"
U3BrFhXlt,SHIPPED,EIHR,"16 Mar, 2024 10:58:36 AM IST","16 Mar, 2024 2:00:00 PM IST",ATS_AIR,ATS_AIR,xyz347,hill station 347,"sashi bhusan neogi garden lane, baranagar",,city 347,state 347,700036,IN,6295437123,No,₹100.00 ,SKU0001,B0ZFGJJF8T347,Product 347,1,,2.05946E+11,"16 Mar, 2024 12:00:39 PM IST"
U1zhDtXft,SHIPPED,EIHR,"16 Mar, 2024 10:58:36 AM IST","16 Mar, 2024 2:00:00 PM IST",ATS_STANDARD,ATS_STANDARD,xyz348,hill station 348,K Block Kidwai Nagar,,city 348,state 348,208011,IN,7355774181,No,₹100.00 ,SKU0001,B0ZFGJJF8T348,Product 348,1,,3.40278E+11,"16 Mar, 2024 12:00:39 PM IST"
UcNRDkXNt,SHIPPED,EIHR,"16 Mar, 2024 11:00:01 AM IST","16 Mar, 2024 2:00:00 PM IST",ATS_AFTERNOON,ATS_AFTERNOON,xyz349,hill station 349,,,city 349,state 349,202001,IN,9027131025,No,₹100.00 ,SKU0001,B0ZFGJJF8T349,Product 349,1,,1.59824E+11,"16 Mar, 2024 12:00:39 PM IST"
UXVmFWXDt,SHIPPED,EIHR,"16 Mar, 2024 11:10:03 AM IST","16 Mar, 2024 2:00:00 PM IST",ATS_STANDARD,ATS_STANDARD,xyz350,hill station 350,Peetal nagri,,city 350,state 350,244001,IN,8077621458,No,₹100.00 ,SKU0001,B0ZFGJJF8T350,Product 350,1,,3.40278E+11,"16 Mar, 2024 12:00:39 PM IST"
UCY4V9XWt,SHIPPED,EIHR,"16 Mar, 2024 11:22:11 AM IST","16 Mar, 2024 2:00:00 PM IST",ATS_STANDARD,ATS_STANDARD,xyz351,hill station 351,6/2Chandramouli nagar,,city 351,state 351,522007,IN,9299991231,No,₹100.00 ,SKU0001,B0ZFGJJF8T351,Product 351,1,,3.40278E+11,"16 Mar, 2024 12:00:39 PM IST"
UCY4V9XWt,SHIPPED,EIHR,"16 Mar, 2024 11:22:11 AM IST","16 Mar, 2024 2:00:00 PM IST",ATS_STANDARD,ATS_STANDARD,xyz352,hill station 352,6/2Chandramouli nagar,,city 352,state 352,522007,IN,9299991231,No,₹100.00 ,SKU0001,B0ZFGJJF8T352,Product 352,1,,3.40278E+11,"16 Mar, 2024 12:00:39 PM IST"